,LINK,company_code,company_category,company_name
1,http://www.moneycontrol.com/india/stockpricequote/diversified/3mindia/MI42,MI42,diversified,3mindia
2,http://www.moneycontrol.com/india/stockpricequote/computerssoftware/8kmilessoftwareservices/PMS01,PMS01,computerssoftware,8kmilessoftwareservices
3,http://www.moneycontrol.com/india/stockpricequote/chemicals/aartiindustries/AI45,AI45,chemicals,aartiindustries
4,http://www.moneycontrol.com/india/stockpricequote/oildrillingandexploration/abanoffshore/AO04,AO04,oildrillingandexploration,abanoffshore
5,http://www.moneycontrol.com/india/stockpricequote/infrastructuregeneral/abbindia/ABB,ABB,infrastructuregeneral,abbindia
6,http://www.moneycontrol.com/india/stockpricequote/pharmaceuticals/abbottindia/AI51,AI51,pharmaceuticals,abbottindia
7,http://www.moneycontrol.com/india/stockpricequote/cementmajor/acc/ACC06,ACC06,cementmajor,acc
8,http://www.moneycontrol.com/india/stockpricequote/trading/adanienterprises/AE13,AE13,trading,adanienterprises
9,http://www.moneycontrol.com/india/stockpricequote/infrastructuregeneral/adaniportsspecialeconomiczone/MPS,MPS,infrastructuregeneral,adaniportsspecialeconomiczone
10,http://www.moneycontrol.com/india/stockpricequote/powergenerationdistribution/adanipower/AP11,AP11,powergenerationdistribution,adanipower
11,http://www.moneycontrol.com/india/stockpricequote/powertransmissionequipment/adanitransmission/AT22,AT22,powertransmissionequipment,adanitransmission
12,http://www.moneycontrol.com/india/stockpricequote/retail/adityabirlafashionretail/PFR,PFR,retail,adityabirlafashionretail
13,http://www.moneycontrol.com/india/stockpricequote/pharmaceuticals/advancedenzymetechnologies/AET,AET,pharmaceuticals,advancedenzymetechnologies
14,http://www.moneycontrol.com/india/stockpricequote/transportlogistics/aegislogistics/AL9,AL9,transportlogistics,aegislogistics
15,http://www.moneycontrol.com/india/stockpricequote/castingsforgings/aiaengineering/AIE01,AIE01,castingsforgings,aiaengineering
16,http://www.moneycontrol.com/india/stockpricequote/pharmaceuticals/ajantapharma/AP22,AP22,pharmaceuticals,ajantapharma
17,http://www.moneycontrol.com/india/stockpricequote/paintsvarnishes/akzonobelindia/ICI,ICI,paintsvarnishes,akzonobelindia
18,http://www.moneycontrol.com/india/stockpricequote/pharmaceuticals/alembicpharmaceuticals/AP35,AP35,pharmaceuticals,alembicpharmaceuticals
19,http://www.moneycontrol.com/india/stockpricequote/pharmaceuticals/alkemlaboratories/AL05,AL05,pharmaceuticals,alkemlaboratories
20,http://www.moneycontrol.com/india/stockpricequote/bankspublicsector/allahabadbank/AB15,AB15,bankspublicsector,allahabadbank
21,http://www.moneycontrol.com/india/stockpricequote/transportlogistics/allcargologistics/AGL02,AGL02,transportlogistics,allcargologistics
22,http://www.moneycontrol.com/india/stockpricequote/autoancillaries/amararajabatteries/ARB,ARB,autoancillaries,amararajabatteries
23,http://www.moneycontrol.com/india/stockpricequote/cementmajor/ambujacements/AC18,AC18,cementmajor,ambujacements
24,http://www.moneycontrol.com/india/stockpricequote/bankspublicsector/andhrabank/AB14,AB14,bankspublicsector,andhrabank
25,http://www.moneycontrol.com/india/stockpricequote/electricequipment/aparindustries/AI40,AI40,electricequipment,aparindustries
26,http://www.moneycontrol.com/india/stockpricequote/steeltubespipes/aplapollotubes/BT09,BT09,steeltubespipes,aplapollotubes
27,http://www.moneycontrol.com/india/stockpricequote/hospitalsmedicalservices/apollohospitalsenterprises/AHE,AHE,hospitalsmedicalservices,apollohospitalsenterprises
28,http://www.moneycontrol.com/india/stockpricequote/tyres/apollotyres/AT14,AT14,tyres,apollotyres
29,http://www.moneycontrol.com/india/stockpricequote/textilesdenim/arvind/A18,A18,textilesdenim,arvind
30,http://www.moneycontrol.com/india/stockpricequote/glassglassproducts/asahiindiaglass/AIG01,AIG01,glassglassproducts,asahiindiaglass
31,http://www.moneycontrol.com/india/stockpricequote/autolcvshcvs/ashokleyland/AL,AL,autolcvshcvs,ashokleyland
32,http://www.moneycontrol.com/india/stockpricequote/constructioncontractingcivil/ashokabuildcon/AB,AB,constructioncontractingcivil,ashokabuildcon
33,http://www.moneycontrol.com/india/stockpricequote/paintsvarnishes/asianpaints/AP31,AP31,paintsvarnishes,asianpaints
34,http://www.moneycontrol.com/india/stockpricequote/telecommunicationsequipment/astramicrowaveproducts/AMP01,AMP01,telecommunicationsequipment,astramicrowaveproducts
35,http://www.moneycontrol.com/india/stockpricequote/plastics/astralpolytechnik/APT02,APT02,plastics,astralpolytechnik
36,http://www.moneycontrol.com/india/stockpricequote/pharmaceuticals/astrazenecapharma/AZP,AZP,pharmaceuticals,astrazenecapharma
37,http://www.moneycontrol.com/india/stockpricequote/dyespigments/atul/A06,A06,dyespigments,atul
38,http://www.moneycontrol.com/india/stockpricequote/pharmaceuticals/aurobindopharma/AP,AP,pharmaceuticals,aurobindopharma
39,http://www.moneycontrol.com/india/stockpricequote/aquaculture/avantifeeds/AF21,AF21,aquaculture,avantifeeds
40,http://www.moneycontrol.com/india/stockpricequote/retail/avenuesupermarts/AS19,AS19,retail,avenuesupermarts
41,http://www.moneycontrol.com/india/stockpricequote/banksprivatesector/axisbank/AB16,AB16,banksprivatesector,axisbank
42,http://www.moneycontrol.com/india/stockpricequote/auto23wheelers/bajajauto/BA10,BA10,auto23wheelers,bajajauto
43,http://www.moneycontrol.com/india/stockpricequote/personalcare/bajajcorp/BC02,BC02,personalcare,bajajcorp
44,http://www.moneycontrol.com/india/stockpricequote/domesticappliances/bajajelectricals/BE,BE,domesticappliances,bajajelectricals
45,http://www.moneycontrol.com/india/stockpricequote/financeleasinghirepurchase/bajajfinance/BAF,BAF,financeleasinghirepurchase,bajajfinance
46,http://www.moneycontrol.com/india/stockpricequote/financeinvestments/bajajfinserv/BF04,BF04,financeinvestments,bajajfinserv
47,http://www.moneycontrol.com/india/stockpricequote/sugar/bajajhindusthan/BH06,BH06,sugar,bajajhindusthan
48,http://www.moneycontrol.com/india/stockpricequote/financeinvestments/bajajholdingsinvestment/BHI,BHI,financeinvestments,bajajholdingsinvestment
49,http://www.moneycontrol.com/india/stockpricequote/tyres/balkrishnaindustries/BI03,BI03,tyres,balkrishnaindustries
50,http://www.moneycontrol.com/india/stockpricequote/diversified/balmerlawriecompany/BLC,BLC,diversified,balmerlawriecompany
51,http://www.moneycontrol.com/india/stockpricequote/sugar/balrampurchinimills/BCM,BCM,sugar,balrampurchinimills
52,http://www.moneycontrol.com/india/stockpricequote/bankspublicsector/bankofbaroda/BOB,BOB,bankspublicsector,bankofbaroda
53,http://www.moneycontrol.com/india/stockpricequote/bankspublicsector/bankofindia/BOI,BOI,bankspublicsector,bankofindia
54,http://www.moneycontrol.com/india/stockpricequote/bankspublicsector/bankmaharashtra/BM05,BM05,bankspublicsector,bankmaharashtra
55,http://www.moneycontrol.com/india/stockpricequote/chemicals/basfindia/BAS,BAS,chemicals,basfindia
56,http://www.moneycontrol.com/india/stockpricequote/leatherproducts/bataindia/BI01,BI01,leatherproducts,bataindia
57,http://www.moneycontrol.com/india/stockpricequote/pesticidesagrochemicals/bayercropscience/BC12,BC12,pesticidesagrochemicals,bayercropscience
58,http://www.moneycontrol.com/india/stockpricequote/infrastructuregeneral/beml/BEM03,BEM03,infrastructuregeneral,beml
59,http://www.moneycontrol.com/india/stockpricequote/paintsvarnishes/bergerpaintsindia/BPI02,BPI02,paintsvarnishes,bergerpaintsindia
60,http://www.moneycontrol.com/india/stockpricequote/powergenerationdistribution/bfutilities/BFU,BFU,powergenerationdistribution,bfutilities
61,http://www.moneycontrol.com/india/stockpricequote/electricals/bharatelectronics/BE03,BE03,electricals,bharatelectronics
62,http://www.moneycontrol.com/india/stockpricequote/financegeneral/bharatfinancialinclusion/SM11,SM11,financegeneral,bharatfinancialinclusion
63,http://www.moneycontrol.com/india/stockpricequote/castingsforgings/bharatforge/BF03,BF03,castingsforgings,bharatforge
64,http://www.moneycontrol.com/india/stockpricequote/telecommunicationsservice/bhartiairtel/BA08,BA08,telecommunicationsservice,bhartiairtel
65,http://www.moneycontrol.com/india/stockpricequote/telecommunicationsequipment/bhartiinfratel/BI14,BI14,telecommunicationsequipment,bhartiinfratel
66,http://www.moneycontrol.com/india/stockpricequote/infrastructuregeneral/bharatheavyelectricals/BHE,BHE,infrastructuregeneral,bharatheavyelectricals
67,http://www.moneycontrol.com/india/stockpricequote/pharmaceuticals/biocon/BL03,BL03,pharmaceuticals,biocon
68,http://www.moneycontrol.com/india/stockpricequote/cementmajor/birlacorporation/BC07,BC07,cementmajor,birlacorporation
69,http://www.moneycontrol.com/india/stockpricequote/pharmaceuticals/blissgvspharma/BGV,BGV,pharmaceuticals,blissgvspharma
70,http://www.moneycontrol.com/india/stockpricequote/couriers/bluedartexpress/BDE,BDE,couriers,bluedartexpress
71,http://www.moneycontrol.com/india/stockpricequote/consumergoodswhitegoods/bluestar/BS,BS,consumergoodswhitegoods,bluestar
72,http://www.moneycontrol.com/india/stockpricequote/plantationsteacoffee/bombayburmahtradingcorporation/BBT,BBT,plantationsteacoffee,bombayburmahtradingcorporation
73,http://www.moneycontrol.com/india/stockpricequote/textilesprocessing/bombaydyeingmanufacturingcompany/BDM,BDM,textilesprocessing,bombaydyeingmanufacturingcompany
74,http://www.moneycontrol.com/india/stockpricequote/autoancillaries/bosch/B05,B05,autoancillaries,bosch
75,http://www.moneycontrol.com/india/stockpricequote/refineries/bharatpetroleumcorporation/BPC,BPC,refineries,bharatpetroleumcorporation
76,http://www.moneycontrol.com/india/stockpricequote/foodprocessing/britanniaindustries/BI,BI,foodprocessing,britanniaindustries
77,http://www.moneycontrol.com/india/stockpricequote/pharmaceuticals/cadilahealthcare/CHC,CHC,pharmaceuticals,cadilahealthcare
78,http://www.moneycontrol.com/india/stockpricequote/financehousing/canfinhomes/CFH,CFH,financehousing,canfinhomes
79,http://www.moneycontrol.com/india/stockpricequote/bankspublicsector/canarabank/CB06,CB06,bankspublicsector,canarabank
80,http://www.moneycontrol.com/india/stockpricequote/financegeneral/capitalfirst/FCH,FCH,financegeneral,capitalfirst
81,http://www.moneycontrol.com/india/stockpricequote/pharmaceuticals/caplinpointlaboratories/CPL,CPL,pharmaceuticals,caplinpointlaboratories
82,http://www.moneycontrol.com/india/stockpricequote/abrasives/carborundumuniversal/CU,CU,abrasives,carborundumuniversal
83,http://www.moneycontrol.com/india/stockpricequote/miscellaneous/creditanalysisresearch/CAR,CAR,miscellaneous,creditanalysisresearch
84,http://www.moneycontrol.com/india/stockpricequote/lubricants/castrolindia/CI01,CI01,lubricants,castrolindia
85,http://www.moneycontrol.com/india/stockpricequote/plantationsteacoffee/cclproductsindia/CC10,CC10,plantationsteacoffee,cclproductsindia
86,http://www.moneycontrol.com/india/stockpricequote/tyres/ceat/C07,C07,tyres,ceat
87,http://www.moneycontrol.com/india/stockpricequote/bankspublicsector/centralbankindia/CBO01,CBO01,bankspublicsector,centralbankindia
88,http://www.moneycontrol.com/india/stockpricequote/diversified/centurytextilesindustries/CTI,CTI,diversified,centurytextilesindustries
89,http://www.moneycontrol.com/india/stockpricequote/miscellaneous/centuryplyboards/CP9,CP9,miscellaneous,centuryplyboards
90,http://www.moneycontrol.com/india/stockpricequote/ceramicsgranite/cerasanitaryware/CS18,CS18,ceramicsgranite,cerasanitaryware
91,http://www.moneycontrol.com/india/stockpricequote/powergenerationdistribution/cesc/CES,CES,powergenerationdistribution,cesc
92,http://www.moneycontrol.com/india/stockpricequote/electricals/cromptongreavesconsumerelectrical/CGC01,CGC01,electricals,cromptongreavesconsumerelectrical
93,http://www.moneycontrol.com/india/stockpricequote/electricequipment/cgpowerindustrialsolutions/CG,CG,electricequipment,cgpowerindustrialsolutions
94,http://www.moneycontrol.com/india/stockpricequote/fertilisers/chambalfertiliserschemicals/CFC,CFC,fertilisers,chambalfertiliserschemicals
95,http://www.moneycontrol.com/india/stockpricequote/refineries/chennaipetroleumcorporation/CPC02,CPC02,refineries,chennaipetroleumcorporation
96,http://www.moneycontrol.com/india/stockpricequote/financeleasinghirepurchase/cholamandalaminvestmentfinancecompany/CDB,CDB,financeleasinghirepurchase,cholamandalaminvestmentfinancecompany
97,http://www.moneycontrol.com/india/stockpricequote/pharmaceuticals/cipla/C,C,pharmaceuticals,cipla
98,http://www.moneycontrol.com/india/stockpricequote/banksprivatesector/cityunionbank/CUB,CUB,banksprivatesector,cityunionbank
99,http://www.moneycontrol.com/india/stockpricequote/miningminerals/coalindia/CI11,CI11,miningminerals,coalindia
100,http://www.moneycontrol.com/india/stockpricequote/foodprocessing/coffeedayenterprises/CDE,CDE,foodprocessing,coffeedayenterprises
101,http://www.moneycontrol.com/india/stockpricequote/personalcare/colgatepalmoliveindia/CPI,CPI,personalcare,colgatepalmoliveindia
102,http://www.moneycontrol.com/india/stockpricequote/transportlogistics/containercorporationindia/CCI,CCI,transportlogistics,containercorporationindia
103,http://www.moneycontrol.com/india/stockpricequote/fertilisers/coromandelinternational/CI45,CI45,fertilisers,coromandelinternational
104,http://www.moneycontrol.com/india/stockpricequote/bankspublicsector/corporationbank/CB,CB,bankspublicsector,corporationbank
105,http://www.moneycontrol.com/india/stockpricequote/miscellaneous/coxkings/CK,CK,miscellaneous,coxkings
106,http://www.moneycontrol.com/india/stockpricequote/miscellaneous/crisil/CRI,CRI,miscellaneous,crisil
107,http://www.moneycontrol.com/india/stockpricequote/engines/cumminsindia/CI02,CI02,engines,cumminsindia
108,http://www.moneycontrol.com/india/stockpricequote/computerssoftware/cyient/IE07,IE07,computerssoftware,cyient
109,http://www.moneycontrol.com/india/stockpricequote/personalcare/daburindia/DI,DI,personalcare,daburindia
110,http://www.moneycontrol.com/india/stockpricequote/cementmajor/dalmiabharat/DBE,DBE,cementmajor,dalmiabharat
111,http://www.moneycontrol.com/india/stockpricequote/mediaentertainment/dbcorp/C13,C13,mediaentertainment,dbcorp
112,http://www.moneycontrol.com/india/stockpricequote/banksprivatesector/dcbbank/DCB01,DCB01,banksprivatesector,dcbbank
113,http://www.moneycontrol.com/india/stockpricequote/diversified/dcmshriram/DCM02,DCM02,diversified,dcmshriram
114,http://www.moneycontrol.com/india/stockpricequote/fertilisers/deepakfertilizerspetrochemicalscoprn/DFP,DFP,fertilisers,deepakfertilizerspetrochemicalscoprn
115,http://www.moneycontrol.com/india/stockpricequote/constructioncontractingrealestate/deltacorp/DC11,DC11,constructioncontractingrealestate,deltacorp
116,http://www.moneycontrol.com/india/stockpricequote/mediaentertainment/dennetworks/DN02,DN02,mediaentertainment,dennetworks
117,http://www.moneycontrol.com/india/stockpricequote/bankspublicsector/denabank/DB,DB,bankspublicsector,denabank
118,http://www.moneycontrol.com/india/stockpricequote/financehousing/dewanhousingfinancecorporation/DHF,DHF,financehousing,dewanhousingfinancecorporation
119,http://www.moneycontrol.com/india/stockpricequote/pesticidesagrochemicals/dhanukaagritech/DA01,DA01,pesticidesagrochemicals,dhanukaagritech
120,http://www.moneycontrol.com/india/stockpricequote/constructioncontractingcivil/dilipbuildcon/DB04,DB04,constructioncontractingcivil,dilipbuildcon
121,http://www.moneycontrol.com/india/stockpricequote/mediaentertainment/dishtvindia/DTV,DTV,mediaentertainment,dishtvindia
122,http://www.moneycontrol.com/india/stockpricequote/pharmaceuticals/divislaboratories/DL03,DL03,pharmaceuticals,divislaboratories
123,http://www.moneycontrol.com/india/stockpricequote/constructioncontractingrealestate/dlf/D04,D04,constructioncontractingrealestate,dlf
124,http://www.moneycontrol.com/india/stockpricequote/pharmaceuticals/drlalpathlabs/DLP01,DLP01,pharmaceuticals,drlalpathlabs
125,http://www.moneycontrol.com/india/stockpricequote/pharmaceuticals/drreddyslaboratories/DRL,DRL,pharmaceuticals,drreddyslaboratories
126,http://www.moneycontrol.com/india/stockpricequote/computerssoftwaremediumsmall/eclerxservices/eS06,eS06,computerssoftwaremediumsmall,eclerxservices
127,http://www.moneycontrol.com/india/stockpricequote/financegeneral/edelweissfinancialservices/EC01,EC01,financegeneral,edelweissfinancialservices
128,http://www.moneycontrol.com/india/stockpricequote/autolcvshcvs/eichermotors/EM,EM,autolcvshcvs,eichermotors
129,http://www.moneycontrol.com/india/stockpricequote/sugar/eidparryindia/EID,EID,sugar,eidparryindia
130,http://www.moneycontrol.com/india/stockpricequote/hotels/eih/EIH,EIH,hotels,eih
131,http://www.moneycontrol.com/india/stockpricequote/compressors/elgiequipments/EE01,EE01,compressors,elgiequipments
132,http://www.moneycontrol.com/india/stockpricequote/personalcare/emami/E06,E06,personalcare,emami
133,http://www.moneycontrol.com/india/stockpricequote/auto23wheelers/endurancetechnologies/ET01,ET01,auto23wheelers,endurancetechnologies
134,http://www.moneycontrol.com/india/stockpricequote/infrastructuregeneral/engineersindia/EI14,EI14,infrastructuregeneral,engineersindia
135,http://www.moneycontrol.com/india/stockpricequote/mediaentertainment/entertainmentnetworkindia/ENI,ENI,mediaentertainment,entertainmentnetworkindia
136,http://www.moneycontrol.com/india/stockpricequote/financegeneral/equitasholdings/EH03,EH03,financegeneral,equitasholdings
137,http://www.moneycontrol.com/india/stockpricequote/mediaentertainment/erosinternationalmedia/EIM,EIM,mediaentertainment,erosinternationalmedia
138,http://www.moneycontrol.com/india/stockpricequote/autotractors/escorts/E,E,autotractors,escorts
139,http://www.moneycontrol.com/india/stockpricequote/packaging/esselpropack/EP11,EP11,packaging,esselpropack
140,http://www.moneycontrol.com/india/stockpricequote/drycells/evereadyindustriesindia/EII02,EII02,drycells,evereadyindustriesindia
141,http://www.moneycontrol.com/india/stockpricequote/autoancillaries/exideindustries/EI,EI,autoancillaries,exideindustries
142,http://www.moneycontrol.com/india/stockpricequote/pharmaceuticals/fdc/FDC,FDC,pharmaceuticals,fdc
143,http://www.moneycontrol.com/india/stockpricequote/banksprivatesector/federalbank/FB,FB,banksprivatesector,federalbank
144,http://www.moneycontrol.com/india/stockpricequote/cablestelephone/finolexcables/FC01,FC01,cablestelephone,finolexcables
145,http://www.moneycontrol.com/india/stockpricequote/petrochemicals/finolexindustries/FI,FI,petrochemicals,finolexindustries
146,http://www.moneycontrol.com/india/stockpricequote/computerssoftwaremediumsmall/firstsourcesolutions/FS07,FS07,computerssoftwaremediumsmall,firstsourcesolutions
147,http://www.moneycontrol.com/india/stockpricequote/autolcvshcvs/forcemotors/FM01,FM01,autolcvshcvs,forcemotors
148,http://www.moneycontrol.com/india/stockpricequote/hospitalsmedicalservices/fortishealthcare/FH,FH,hospitalsmedicalservices,fortishealthcare
149,http://www.moneycontrol.com/india/stockpricequote/foodprocessing/futureconsumer/FVI,FVI,foodprocessing,futureconsumer
150,http://www.moneycontrol.com/india/stockpricequote/retail/futurelifestylefashions/FLF01,FLF01,retail,futurelifestylefashions
151,http://www.moneycontrol.com/india/stockpricequote/retail/futureretail/FR,FR,retail,futureretail
152,http://www.moneycontrol.com/india/stockpricequote/oildrillingandexploration/gailindia/GAI,GAI,oildrillingandexploration,gailindia
153,http://www.moneycontrol.com/india/stockpricequote/miscellaneous/gatewaydistriparks/GD01,GD01,miscellaneous,gatewaydistriparks
154,http://www.moneycontrol.com/india/stockpricequote/couriers/gati/G04,G04,couriers,gati
155,http://www.moneycontrol.com/india/stockpricequote/constructioncontractingcivil/gayatriprojects/GP10,GP10,constructioncontractingcivil,gayatriprojects
156,http://www.moneycontrol.com/india/stockpricequote/powertransmissionequipment/gepowerindia/AP29,AP29,powertransmissionequipment,gepowerindia
157,http://www.moneycontrol.com/india/stockpricequote/shipping/greateasternshippingcompany/GES,GES,shipping,greateasternshippingcompany
158,http://www.moneycontrol.com/india/stockpricequote/powertransmissionequipment/getdindia/ATD,ATD,powertransmissionequipment,getdindia
159,http://www.moneycontrol.com/india/stockpricequote/financehousing/gichousingfinance/GIC,GIC,financehousing,gichousingfinance
160,http://www.moneycontrol.com/india/stockpricequote/personalcare/gilletteindia/GI22,GI22,personalcare,gilletteindia
161,http://www.moneycontrol.com/india/stockpricequote/foodprocessing/glaxosmithklineconsumerhealthcare/GSC04,GSC04,foodprocessing,glaxosmithklineconsumerhealthcare
162,http://www.moneycontrol.com/india/stockpricequote/pharmaceuticals/glaxosmithklinepharmaceuticals/GSK,GSK,pharmaceuticals,glaxosmithklinepharmaceuticals
163,http://www.moneycontrol.com/india/stockpricequote/pharmaceuticals/glenmarkpharma/GP08,GP08,pharmaceuticals,glenmarkpharma
164,http://www.moneycontrol.com/india/stockpricequote/infrastructuregeneral/gmrinfrastructure/GI27,GI27,infrastructuregeneral,gmrinfrastructure
165,http://www.moneycontrol.com/india/stockpricequote/fertilisers/gujaratnarmadavalleyfertilizerschemicals/GNV,GNV,fertilisers,gujaratnarmadavalleyfertilizerschemicals
166,http://www.moneycontrol.com/india/stockpricequote/cigarettes/godfreyphillipsindia/GPI,GPI,cigarettes,godfreyphillipsindia
167,http://www.moneycontrol.com/india/stockpricequote/personalcare/godrejconsumerproducts/GCP,GCP,personalcare,godrejconsumerproducts
168,http://www.moneycontrol.com/india/stockpricequote/personalcare/godrejindustries/GI23,GI23,personalcare,godrejindustries
169,http://www.moneycontrol.com/india/stockpricequote/constructioncontractingrealestate/godrejproperties/GP11,GP11,constructioncontractingrealestate,godrejproperties
170,http://www.moneycontrol.com/india/stockpricequote/pharmaceuticals/granulesindia/GI25,GI25,pharmaceuticals,granulesindia
171,http://www.moneycontrol.com/india/stockpricequote/diversified/grasimindustries/GI01,GI01,diversified,grasimindustries
172,http://www.moneycontrol.com/india/stockpricequote/engines/greavescotton/GC20,GC20,engines,greavescotton
173,http://www.moneycontrol.com/india/stockpricequote/miscellaneous/greenplyindustries/GI19,GI19,miscellaneous,greenplyindustries
174,http://www.moneycontrol.com/india/stockpricequote/abrasives/grindwellnorton/GN,GN,abrasives,grindwellnorton
175,http://www.moneycontrol.com/india/stockpricequote/financehousing/gruhfinance/GRU,GRU,financehousing,gruhfinance
176,http://www.moneycontrol.com/india/stockpricequote/fertilisers/gujaratstatefertilizerschemicals/GSF,GSF,fertilisers,gujaratstatefertilizerschemicals
177,http://www.moneycontrol.com/india/stockpricequote/chemicals/gujaratalkalieschemicals/GAC01,GAC01,chemicals,gujaratalkalieschemicals
178,http://www.moneycontrol.com/india/stockpricequote/chemicals/gujaratfluorochemicals/GF07,GF07,chemicals,gujaratfluorochemicals
179,http://www.moneycontrol.com/india/stockpricequote/chemicals/gujaratheavychemicals/GHC,GHC,chemicals,gujaratheavychemicals
180,http://www.moneycontrol.com/india/stockpricequote/miningminerals/gujaratmineraldevelopmentcorporation/GMD,GMD,miningminerals,gujaratmineraldevelopmentcorporation
181,http://www.moneycontrol.com/india/stockpricequote/oildrillingandexploration/gujaratstatepetronet/GSP02,GSP02,oildrillingandexploration,gujaratstatepetronet
182,http://www.moneycontrol.com/india/stockpricequote/oildrillingandexploration/gujaratgas/GGC,GGC,oildrillingandexploration,gujaratgas
183,http://www.moneycontrol.com/india/stockpricequote/shipping/gujaratpipavavport/GPP03,GPP03,shipping,gujaratpipavavport
184,http://www.moneycontrol.com/india/stockpricequote/lubricants/gulfoillubricantsindia/GOL01,GOL01,lubricants,gulfoillubricantsindia
185,http://www.moneycontrol.com/india/stockpricequote/mediaentertainment/hathwaycabledatacom/HCD,HCD,mediaentertainment,hathwaycabledatacom
186,http://www.moneycontrol.com/india/stockpricequote/foodprocessing/hatsunagroproducts/HAP,HAP,foodprocessing,hatsunagroproducts
187,http://www.moneycontrol.com/india/stockpricequote/electricequipment/havellsindia/HI01,HI01,electricequipment,havellsindia
188,http://www.moneycontrol.com/india/stockpricequote/computershardware/hclinfosystems/HCL,HCL,computershardware,hclinfosystems
189,http://www.moneycontrol.com/india/stockpricequote/computerssoftware/hcltechnologies/HCL02,HCL02,computerssoftware,hcltechnologies
190,http://www.moneycontrol.com/india/stockpricequote/financehousing/housingdevelopmentfinancecorporation/HDF,HDF,financehousing,housingdevelopmentfinancecorporation
191,http://www.moneycontrol.com/india/stockpricequote/banksprivatesector/hdfcbank/HDF01,HDF01,banksprivatesector,hdfcbank
192,http://www.moneycontrol.com/india/stockpricequote/constructioncontractingrealestate/housingdevelopmentinfrastructure/HDI,HDI,constructioncontractingrealestate,housingdevelopmentinfrastructure
193,http://www.moneycontrol.com/india/stockpricequote/cementmajor/heidelbergcementindia/HCI02,HCI02,cementmajor,heidelbergcementindia
194,http://www.moneycontrol.com/india/stockpricequote/foodprocessing/heritagefoods/HFI,HFI,foodprocessing,heritagefoods
195,http://www.moneycontrol.com/india/stockpricequote/auto23wheelers/heromotocorp/HHM,HHM,auto23wheelers,heromotocorp
196,http://www.moneycontrol.com/india/stockpricequote/computerssoftware/hexawaretechnologies/HT02,HT02,computerssoftware,hexawaretechnologies
197,http://www.moneycontrol.com/india/stockpricequote/telecommunicationsequipment/himachalfuturisticcommunication/HFC,HFC,telecommunicationsequipment,himachalfuturisticcommunication
198,http://www.moneycontrol.com/india/stockpricequote/textilessyntheticsilk/himatsingkaseide/HS,HS,textilessyntheticsilk,himatsingkaseide
199,http://www.moneycontrol.com/india/stockpricequote/constructioncontractingcivil/hindustanconstructioncompany/HCC,HCC,constructioncontractingcivil,hindustanconstructioncompany
200,http://www.moneycontrol.com/india/stockpricequote/metalsnonferrous/hindustancopper/HC07,HC07,metalsnonferrous,hindustancopper
201,http://www.moneycontrol.com/india/stockpricequote/metalsnonferrous/hindustanzinc/HZ,HZ,metalsnonferrous,hindustanzinc
202,http://www.moneycontrol.com/india/stockpricequote/aluminium/hindalcoindustries/HI,HI,aluminium,hindalcoindustries
203,http://www.moneycontrol.com/india/stockpricequote/telecommunicationsequipment/honeywellautomation/HA04,HA04,telecommunicationsequipment,honeywellautomation
204,http://www.moneycontrol.com/india/stockpricequote/refineries/hindustanpetroleumcorporation/HPC,HPC,refineries,hindustanpetroleumcorporation
205,http://www.moneycontrol.com/india/stockpricequote/ceramicsgranite/hsil/HSI02,HSI02,ceramicsgranite,hsil
206,http://www.moneycontrol.com/india/stockpricequote/personalcare/hindustanunilever/HU,HU,personalcare,hindustanunilever
207,http://www.moneycontrol.com/india/stockpricequote/banksprivatesector/icicibank/ICI02,ICI02,banksprivatesector,icicibank
208,http://www.moneycontrol.com/india/stockpricequote/financegeneral/iciciprudentiallifeinsurancecompany/IPL01,IPL01,financegeneral,iciciprudentiallifeinsurancecompany
209,http://www.moneycontrol.com/india/stockpricequote/miscellaneous/icra/ICR,ICR,miscellaneous,icra
210,http://www.moneycontrol.com/india/stockpricequote/bankspublicsector/idbibank/IDB05,IDB05,bankspublicsector,idbibank
211,http://www.moneycontrol.com/india/stockpricequote/telecommunicationsservice/ideacellular/IC8,IC8,telecommunicationsservice,ideacellular
212,http://www.moneycontrol.com/india/stockpricequote/financetermlendinginstitutions/idfc/IDF,IDF,financetermlendinginstitutions,idfc
213,http://www.moneycontrol.com/india/stockpricequote/banksprivatesector/idfcbank/IDF01,IDF01,banksprivatesector,idfcbank
214,http://www.moneycontrol.com/india/stockpricequote/financetermlendinginstitutions/ifci/IFC02,IFC02,financetermlendinginstitutions,ifci
215,http://www.moneycontrol.com/india/stockpricequote/oildrillingandexploration/indraprasthagas/IG04,IG04,oildrillingandexploration,indraprasthagas
216,http://www.moneycontrol.com/india/stockpricequote/financegeneral/iiflholdings/II15,II15,financegeneral,iiflholdings
217,http://www.moneycontrol.com/india/stockpricequote/infrastructuregeneral/ilandfstransportationnetworks/ITN,ITN,infrastructuregeneral,ilandfstransportationnetworks
218,http://www.moneycontrol.com/india/stockpricequote/cementmajor/indiacements/IC,IC,cementmajor,indiacements
219,http://www.moneycontrol.com/india/stockpricequote/financehousing/indiabullshousingfinance/IHF01,IHF01,financehousing,indiabullshousingfinance
220,http://www.moneycontrol.com/india/stockpricequote/constructioncontractingrealestate/indiabullsrealestate/IRE01,IRE01,constructioncontractingrealestate,indiabullsrealestate
221,http://www.moneycontrol.com/india/stockpricequote/financeinvestments/indiabullsventures/IS13,IS13,financeinvestments,indiabullsventures
222,http://www.moneycontrol.com/india/stockpricequote/bankspublicsector/indianbank/IB04,IB04,bankspublicsector,indianbank
223,http://www.moneycontrol.com/india/stockpricequote/hotels/indianhotelscompany/IHC,IHC,hotels,indianhotelscompany
224,http://www.moneycontrol.com/india/stockpricequote/textilesspinningcottonblended/indocountindustries/ICI07,ICI07,textilesspinningcottonblended,indocountindustries
225,http://www.moneycontrol.com/india/stockpricequote/pharmaceuticals/indocoremedies/IR05,IR05,pharmaceuticals,indocoremedies
226,http://www.moneycontrol.com/india/stockpricequote/banksprivatesector/indusindbank/IIB,IIB,banksprivatesector,indusindbank
227,http://www.moneycontrol.com/india/stockpricequote/miscellaneous/infibeamincorporation/IIL03,IIL03,miscellaneous,infibeamincorporation
228,http://www.moneycontrol.com/india/stockpricequote/miscellaneous/infoedgeindia/IEI01,IEI01,miscellaneous,infoedgeindia
229,http://www.moneycontrol.com/india/stockpricequote/computerssoftware/infosys/IT,IT,computerssoftware,infosys
230,http://www.moneycontrol.com/india/stockpricequote/compressors/ingersollrandindia/IRI01,IRI01,compressors,ingersollrandindia
231,http://www.moneycontrol.com/india/stockpricequote/mediaentertainment/inoxleisure/INO01,INO01,mediaentertainment,inoxleisure
232,http://www.moneycontrol.com/india/stockpricequote/powergenerationdistribution/inoxwind/IW,IW,powergenerationdistribution,inoxwind
233,http://www.moneycontrol.com/india/stockpricequote/computerssoftware/intellectdesignarena/IDA,IDA,computerssoftware,intellectdesignarena
234,http://www.moneycontrol.com/india/stockpricequote/transportlogistics/interglobeaviation/IA04,IA04,transportlogistics,interglobeaviation
235,http://www.moneycontrol.com/india/stockpricequote/bankspublicsector/indianoverseasbank/IOB,IOB,bankspublicsector,indianoverseasbank
236,http://www.moneycontrol.com/india/stockpricequote/refineries/indianoilcorporation/IOC,IOC,refineries,indianoilcorporation
237,http://www.moneycontrol.com/india/stockpricequote/pharmaceuticals/ipcalaboratories/IL,IL,pharmaceuticals,ipcalaboratories
238,http://www.moneycontrol.com/india/stockpricequote/infrastructuregeneral/irbinfrastructuredevelopers/IID01,IID01,infrastructuregeneral,irbinfrastructuredevelopers
239,http://www.moneycontrol.com/india/stockpricequote/engineeringheavy/isgecheavyengineering/SIS06,SIS06,engineeringheavy,isgecheavyengineering
240,http://www.moneycontrol.com/india/stockpricequote/cigarettes/itc/ITC,ITC,cigarettes,itc
241,http://www.moneycontrol.com/india/stockpricequote/constructioncontractingcivil/itdcementationindia/ITD03,ITD03,constructioncontractingcivil,itdcementationindia
242,http://www.moneycontrol.com/india/stockpricequote/constructioncontractingcivil/jkumarinfraprojects/KI01,KI01,constructioncontractingcivil,jkumarinfraprojects
243,http://www.moneycontrol.com/india/stockpricequote/cementmajor/jkcement/JKC03,JKC03,cementmajor,jkcement
244,http://www.moneycontrol.com/india/stockpricequote/mediaentertainment/jagranprakashan/JP12,JP12,mediaentertainment,jagranprakashan
245,http://www.moneycontrol.com/india/stockpricequote/steelgpgcsheets/jaicorp/JC08,JC08,steelgpgcsheets,jaicorp
246,http://www.moneycontrol.com/india/stockpricequote/plastics/jainirrigationsystems/JIS02,JIS02,plastics,jainirrigationsystems
247,http://www.moneycontrol.com/india/stockpricequote/infrastructuregeneral/jaiprakashassociates/JA02,JA02,infrastructuregeneral,jaiprakashassociates
248,http://www.moneycontrol.com/india/stockpricequote/pharmaceuticals/jbchemicalspharmaceuticals/JBC01,JBC01,pharmaceuticals,jbchemicalspharmaceuticals
249,http://www.moneycontrol.com/india/stockpricequote/textilesmanmade/jbfindustries/JBF,JBF,textilesmanmade,jbfindustries
250,http://www.moneycontrol.com/india/stockpricequote/transportlogistics/jetairways/JA01,JA01,transportlogistics,jetairways
251,http://www.moneycontrol.com/india/stockpricequote/steellarge/jindalstainlesshisar/JSH,JSH,steellarge,jindalstainlesshisar
252,http://www.moneycontrol.com/india/stockpricequote/packaging/jindalpolyfilms/JPF01,JPF01,packaging,jindalpolyfilms
253,http://www.moneycontrol.com/india/stockpricequote/steeltubespipes/jindalsaw/JS08,JS08,steeltubespipes,jindalsaw
254,http://www.moneycontrol.com/india/stockpricequote/steelspongeiron/jindalsteelpower/JSP,JSP,steelspongeiron,jindalsteelpower
255,http://www.moneycontrol.com/india/stockpricequote/banksprivatesector/jammukashmirbank/JKB,JKB,banksprivatesector,jammukashmirbank
256,http://www.moneycontrol.com/india/stockpricequote/cementmajor/jklakshmicement/JKL01,JKL01,cementmajor,jklakshmicement
257,http://www.moneycontrol.com/india/stockpricequote/tyres/jktyreindustries/JKT01,JKT01,tyres,jktyreindustries
258,http://www.moneycontrol.com/india/stockpricequote/financeinvestments/jmfinancial/JMF,JMF,financeinvestments,jmfinancial
259,http://www.moneycontrol.com/india/stockpricequote/consumergoodswhitegoods/johnsoncontrolshitachiairconditioningindia/HHL,HHL,consumergoodswhitegoods,johnsoncontrolshitachiairconditioningindia
260,http://www.moneycontrol.com/india/stockpricequote/powergenerationdistribution/jswenergy/JE01,JE01,powergenerationdistribution,jswenergy
261,http://www.moneycontrol.com/india/stockpricequote/steellarge/jswsteel/JSW01,JSW01,steellarge,jswsteel
262,http://www.moneycontrol.com/india/stockpricequote/miscellaneous/jubilantfoodworks/JF04,JF04,miscellaneous,jubilantfoodworks
263,http://www.moneycontrol.com/india/stockpricequote/pharmaceuticals/jubilantlifesciences/JO03,JO03,pharmaceuticals,jubilantlifesciences
264,http://www.moneycontrol.com/india/stockpricequote/miscellaneous/justdial/JD,JD,miscellaneous,justdial
265,http://www.moneycontrol.com/india/stockpricequote/personalcare/jyothylaboratories/JL,JL,personalcare,jyothylaboratories
266,http://www.moneycontrol.com/india/stockpricequote/ceramicsgranite/kajariaceramics/KC06,KC06,ceramicsgranite,kajariaceramics
267,http://www.moneycontrol.com/india/stockpricequote/powertransmissionequipment/kalpatarupowertransmission/KPT,KPT,powertransmissionequipment,kalpatarupowertransmission
268,http://www.moneycontrol.com/india/stockpricequote/paintsvarnishes/kansainerolacpaints/KNP,KNP,paintsvarnishes,kansainerolacpaints
269,http://www.moneycontrol.com/india/stockpricequote/banksprivatesector/karnatakabank/KB04,KB04,banksprivatesector,karnatakabank
270,http://www.moneycontrol.com/india/stockpricequote/miscellaneous/kaveriseedcompany/KSC01,KSC01,miscellaneous,kaveriseedcompany
271,http://www.moneycontrol.com/india/stockpricequote/powertransmissionequipment/kecinternational/KEC04,KEC04,powertransmissionequipment,kecinternational
272,http://www.moneycontrol.com/india/stockpricequote/diversified/kesoramindustries/KI08,KI08,diversified,kesoramindustries
273,http://www.moneycontrol.com/india/stockpricequote/engines/kirloskaroilengines/KOE03,KOE03,engines,kirloskaroilengines
274,http://www.moneycontrol.com/india/stockpricequote/textilesreadymadeapparels/kitexgarments/KG01,KG01,textilesreadymadeapparels,kitexgarments
275,http://www.moneycontrol.com/india/stockpricequote/banksprivatesector/kotakmahindrabank/KMB,KMB,banksprivatesector,kotakmahindrabank
276,http://www.moneycontrol.com/india/stockpricequote/computerssoftwaremediumsmall/kpittechnologies/KPI02,KPI02,computerssoftwaremediumsmall,kpittechnologies
277,http://www.moneycontrol.com/india/stockpricequote/textilesreadymadeapparels/kprmill/M15,M15,textilesreadymadeapparels,kprmill
278,http://www.moneycontrol.com/india/stockpricequote/foodprocessing/krbl/KRB01,KRB01,foodprocessing,krbl
279,http://www.moneycontrol.com/india/stockpricequote/foodprocessing/kwality/KDI01,KDI01,foodprocessing,kwality
280,http://www.moneycontrol.com/india/stockpricequote/financeinvestments/ltfinanceholdings/LFH,LFH,financeinvestments,ltfinanceholdings
281,http://www.moneycontrol.com/india/stockpricequote/computerssoftware/larsentoubroinfotech/LI12,LI12,computerssoftware,larsentoubroinfotech
282,http://www.moneycontrol.com/india/stockpricequote/computerssoftwaremediumsmall/lttechnologyservices/LTS,LTS,computerssoftwaremediumsmall,lttechnologyservices
283,http://www.moneycontrol.com/india/stockpricequote/glassglassproducts/laopalarg/LOR,LOR,glassglassproducts,laopalarg
284,http://www.moneycontrol.com/india/stockpricequote/textilesmachinery/lakshmimachineworks/LMW,LMW,textilesmachinery,lakshmimachineworks
285,http://www.moneycontrol.com/india/stockpricequote/banksprivatesector/lakshmivilasbank/LVB,LVB,banksprivatesector,lakshmivilasbank
286,http://www.moneycontrol.com/india/stockpricequote/infrastructuregeneral/larsentoubro/LT,LT,infrastructuregeneral,larsentoubro
287,http://www.moneycontrol.com/india/stockpricequote/pharmaceuticals/lauruslabs/LL05,LL05,pharmaceuticals,lauruslabs
288,http://www.moneycontrol.com/india/stockpricequote/financehousing/lichousingfinance/LIC,LIC,financehousing,lichousingfinance
289,http://www.moneycontrol.com/india/stockpricequote/chemicals/lindeindia/BOC,BOC,chemicals,lindeindia
290,http://www.moneycontrol.com/india/stockpricequote/pharmaceuticals/lupin/L,L,pharmaceuticals,lupin
291,http://www.moneycontrol.com/india/stockpricequote/autocarsjeeps/mahindramahindra/MM,MM,autocarsjeeps,mahindramahindra
292,http://www.moneycontrol.com/india/stockpricequote/financeleasinghirepurchase/mahindramahindrafinancialservices/MMF04,MMF04,financeleasinghirepurchase,mahindramahindrafinancialservices
293,http://www.moneycontrol.com/india/stockpricequote/financeleasinghirepurchase/magmafincorp/MF20,MF20,financeleasinghirepurchase,magmafincorp
294,http://www.moneycontrol.com/india/stockpricequote/refineries/mahanagargas/MG02,MG02,refineries,mahanagargas
295,http://www.moneycontrol.com/india/stockpricequote/castingsforgings/mahindracieautomotive/MF19,MF19,castingsforgings,mahindracieautomotive
296,http://www.moneycontrol.com/india/stockpricequote/hotels/mahindraholidaysresortsindia/MHR,MHR,hotels,mahindraholidaysresortsindia
297,http://www.moneycontrol.com/india/stockpricequote/constructioncontractingcivil/mahindralifespacedevelopers/MLD,MLD,constructioncontractingcivil,mahindralifespacedevelopers
298,http://www.moneycontrol.com/india/stockpricequote/financeleasinghirepurchase/manappuramfinance/MGF01,MGF01,financeleasinghirepurchase,manappuramfinance
299,http://www.moneycontrol.com/india/stockpricequote/foodprocessing/manpasandbeverages/MB04,MB04,foodprocessing,manpasandbeverages
300,http://www.moneycontrol.com/india/stockpricequote/personalcare/marico/M13,M13,personalcare,marico
301,http://www.moneycontrol.com/india/stockpricequote/pharmaceuticals/marksanspharma/MP21,MP21,pharmaceuticals,marksanspharma
302,http://www.moneycontrol.com/india/stockpricequote/autocarsjeeps/marutisuzukiindia/MS24,MS24,autocarsjeeps,marutisuzukiindia
303,http://www.moneycontrol.com/india/stockpricequote/financeinvestments/maxfinancialservices/MI,MI,financeinvestments,maxfinancialservices
304,http://www.moneycontrol.com/india/stockpricequote/miscellaneous/maxindia/MIL16,MIL16,miscellaneous,maxindia
305,http://www.moneycontrol.com/india/stockpricequote/plantationsteacoffee/mcleodrusselindia/MRI02,MRI02,plantationsteacoffee,mcleodrusselindia
306,http://www.moneycontrol.com/india/stockpricequote/miscellaneous/multicommodityexchangeindia/MCE,MCE,miscellaneous,multicommodityexchangeindia
307,http://www.moneycontrol.com/india/stockpricequote/autoancillaries/mindaindustries/MI4,MI4,autoancillaries,mindaindustries
308,http://www.moneycontrol.com/india/stockpricequote/computerssoftware/mindtree/MT13,MT13,computerssoftware,mindtree
309,http://www.moneycontrol.com/india/stockpricequote/trading/mmtc/MMT,MMT,trading,mmtc
310,http://www.moneycontrol.com/india/stockpricequote/miningminerals/moil/M18,M18,miningminerals,moil
311,http://www.moneycontrol.com/india/stockpricequote/pesticidesagrochemicals/monsantoindia/MI39,MI39,pesticidesagrochemicals,monsantoindia
312,http://www.moneycontrol.com/india/stockpricequote/autoancillaries/mothersonsumisystems/MSS01,MSS01,autoancillaries,mothersonsumisystems
313,http://www.moneycontrol.com/india/stockpricequote/financegeneral/motilaloswalfinancialservices/MOF01,MOF01,financegeneral,motilaloswalfinancialservices
314,http://www.moneycontrol.com/india/stockpricequote/computerssoftware/mphasis/MB02,MB02,computerssoftware,mphasis
315,http://www.moneycontrol.com/india/stockpricequote/tyres/mrf/MRF,MRF,tyres,mrf
316,http://www.moneycontrol.com/india/stockpricequote/refineries/mangalorerefinerypetrochemicals/MRP,MRP,refineries,mangalorerefinerypetrochemicals
317,http://www.moneycontrol.com/india/stockpricequote/telecommunicationsservice/mahanagartelephonenigam/MTN,MTN,telecommunicationsservice,mahanagartelephonenigam
318,http://www.moneycontrol.com/india/stockpricequote/financeinvestments/muthootfinance/MF10,MF10,financeinvestments,muthootfinance
319,http://www.moneycontrol.com/india/stockpricequote/aluminium/nationalaluminiumcompany/NAC,NAC,aluminium,nationalaluminiumcompany
320,http://www.moneycontrol.com/india/stockpricequote/hospitalsmedicalservices/narayanahrudayalaya/NH,NH,hospitalsmedicalservices,narayanahrudayalaya
321,http://www.moneycontrol.com/india/stockpricequote/pharmaceuticals/natcopharma/NP07,NP07,pharmaceuticals,natcopharma
322,http://www.moneycontrol.com/india/stockpricequote/diversified/navabharatventures/NBV,NBV,diversified,navabharatventures
323,http://www.moneycontrol.com/india/stockpricequote/chemicals/navinfluorineinternational/NFI,NFI,chemicals,navinfluorineinternational
324,http://www.moneycontrol.com/india/stockpricequote/transportlogistics/navkarcorporation/NC02,NC02,transportlogistics,navkarcorporation
325,http://www.moneycontrol.com/india/stockpricequote/printingstationery/navneeteducation/NP01,NP01,printingstationery,navneeteducation
326,http://www.moneycontrol.com/india/stockpricequote/infrastructuregeneral/nbccindia/NBC01,NBC01,infrastructuregeneral,nbccindia
327,http://www.moneycontrol.com/india/stockpricequote/constructioncontractingcivil/ncc/NCC01,NCC01,constructioncontractingcivil,ncc
328,http://www.moneycontrol.com/india/stockpricequote/foodprocessing/nestleindia/NI,NI,foodprocessing,nestleindia
329,http://www.moneycontrol.com/india/stockpricequote/financegeneral/network18mediainvestments/NMI,NMI,financegeneral,network18mediainvestments
330,http://www.moneycontrol.com/india/stockpricequote/powergenerationdistribution/nhpc/N07,N07,powergenerationdistribution,nhpc
331,http://www.moneycontrol.com/india/stockpricequote/computerssoftwaretraining/niit/NII,NII,computerssoftwaretraining,niit
332,http://www.moneycontrol.com/india/stockpricequote/computerssoftware/niittechnologies/NII02,NII02,computerssoftware,niittechnologies
333,http://www.moneycontrol.com/india/stockpricequote/plastics/nilkamal/NP08,NP08,plastics,nilkamal
334,http://www.moneycontrol.com/india/stockpricequote/powergenerationdistribution/nlcindia/NLC,NLC,powergenerationdistribution,nlcindia
335,http://www.moneycontrol.com/india/stockpricequote/miningminerals/nmdc/NMD02,NMD02,miningminerals,nmdc
336,http://www.moneycontrol.com/india/stockpricequote/powergenerationdistribution/ntpc/NTP,NTP,powergenerationdistribution,ntpc
337,http://www.moneycontrol.com/india/stockpricequote/constructioncontractingrealestate/oberoirealty/OR,OR,constructioncontractingrealestate,oberoirealty
338,http://www.moneycontrol.com/india/stockpricequote/cementmajor/oclindia/OCL,OCL,cementmajor,oclindia
339,http://www.moneycontrol.com/india/stockpricequote/oildrillingandexploration/oilindia/OI13,OI13,oildrillingandexploration,oilindia
340,http://www.moneycontrol.com/india/stockpricequote/constructioncontractingrealestate/omaxe/O02,O02,constructioncontractingrealestate,omaxe
341,http://www.moneycontrol.com/india/stockpricequote/oildrillingandexploration/oilnaturalgascorporation/ONG,ONG,oildrillingandexploration,oilnaturalgascorporation
342,http://www.moneycontrol.com/india/stockpricequote/computerssoftware/oraclefinancialservicessoftware/OFS01,OFS01,computerssoftware,oraclefinancialservicessoftware
343,http://www.moneycontrol.com/india/stockpricequote/cementmajor/orientcement/OC10,OC10,cementmajor,orientcement
344,http://www.moneycontrol.com/india/stockpricequote/bankspublicsector/orientalbankcommerce/OBC,OBC,bankspublicsector,orientalbankcommerce
345,http://www.moneycontrol.com/india/stockpricequote/personalcare/proctergamblehygienehealthcare/PGH,PGH,personalcare,proctergamblehygienehealthcare
346,http://www.moneycontrol.com/india/stockpricequote/textilesreadymadeapparels/pageindustries/PI35,PI35,textilesreadymadeapparels,pageindustries
347,http://www.moneycontrol.com/india/stockpricequote/foodprocessing/paragmilkfoods/PMF01,PMF01,foodprocessing,paragmilkfoods
348,http://www.moneycontrol.com/india/stockpricequote/diamondcuttingjewellerypreciousmetals/pcjeweller/PJ,PJ,diamondcuttingjewellerypreciousmetals,pcjeweller
349,http://www.moneycontrol.com/india/stockpricequote/computerssoftware/persistentsystems/PS15,PS15,computerssoftware,persistentsystems
350,http://www.moneycontrol.com/india/stockpricequote/oildrillingandexploration/petronetlng/PLN,PLN,oildrillingandexploration,petronetlng
351,http://www.moneycontrol.com/india/stockpricequote/pharmaceuticals/pfizer/P,P,pharmaceuticals,pfizer
352,http://www.moneycontrol.com/india/stockpricequote/constructioncontractingrealestate/phoenixmills/PM02,PM02,constructioncontractingrealestate,phoenixmills
353,http://www.moneycontrol.com/india/stockpricequote/pesticidesagrochemicals/piindustries/PII,PII,pesticidesagrochemicals,piindustries
354,http://www.moneycontrol.com/india/stockpricequote/chemicals/pidiliteindustries/PI11,PI11,chemicals,pidiliteindustries
355,http://www.moneycontrol.com/india/stockpricequote/pharmaceuticals/piramalenterprises/PH05,PH05,pharmaceuticals,piramalenterprises
356,http://www.moneycontrol.com/india/stockpricequote/bankspublicsector/punjabnationalbank/PNB05,PNB05,bankspublicsector,punjabnationalbank
357,http://www.moneycontrol.com/india/stockpricequote/financehousing/pnbhousingfinance/PHF,PHF,financehousing,pnbhousingfinance
358,http://www.moneycontrol.com/india/stockpricequote/constructioncontractingrealestate/pncinfratech/PI26,PI26,constructioncontractingrealestate,pncinfratech
359,http://www.moneycontrol.com/india/stockpricequote/computerssoftware/polarisconsultingservices/PSL01,PSL01,computerssoftware,polarisconsultingservices
360,http://www.moneycontrol.com/india/stockpricequote/financetermlendinginstitutions/powerfinancecorporation/PFC02,PFC02,financetermlendinginstitutions,powerfinancecorporation
361,http://www.moneycontrol.com/india/stockpricequote/powergenerationdistribution/powergridcorporationindia/PGC,PGC,powergenerationdistribution,powergridcorporationindia
362,http://www.moneycontrol.com/india/stockpricequote/engineeringheavy/prajindustries/PI17,PI17,engineeringheavy,prajindustries
363,http://www.moneycontrol.com/india/stockpricequote/constructioncontractingrealestate/prestigeestatesprojects/PEP02,PEP02,constructioncontractingrealestate,prestigeestatesprojects
364,http://www.moneycontrol.com/india/stockpricequote/cementmajor/prismjohnson/PC,PC,cementmajor,prismjohnson
365,http://www.moneycontrol.com/india/stockpricequote/trading/ptcindia/PTC02,PTC02,trading,ptcindia
366,http://www.moneycontrol.com/india/stockpricequote/financetermlendinginstitutions/ptcindiafinancialservices/PIF02,PIF02,financetermlendinginstitutions,ptcindiafinancialservices
367,http://www.moneycontrol.com/india/stockpricequote/mediaentertainment/pvr/PVR,PVR,mediaentertainment,pvr
368,http://www.moneycontrol.com/india/stockpricequote/breweriesdistilleries/radicokhaitan/RK01,RK01,breweriesdistilleries,radicokhaitan
369,http://www.moneycontrol.com/india/stockpricequote/cementmajor/rainindustries/RC12,RC12,cementmajor,rainindustries
370,http://www.moneycontrol.com/india/stockpricequote/diamondcuttingjewellerypreciousmetals/rajeshexports/RE07,RE07,diamondcuttingjewellerypreciousmetals,rajeshexports
371,http://www.moneycontrol.com/india/stockpricequote/pesticidesagrochemicals/rallisindia/RI03,RI03,pesticidesagrochemicals,rallisindia
372,http://www.moneycontrol.com/india/stockpricequote/cementmajor/theramcocements/MC,MC,cementmajor,theramcocements
373,http://www.moneycontrol.com/india/stockpricequote/fertilisers/rashtriyachemicalsfertilisers/RCF01,RCF01,fertilisers,rashtriyachemicalsfertilisers
374,http://www.moneycontrol.com/india/stockpricequote/steeltubespipes/ratnamanimetalstubes/RMT,RMT,steeltubespipes,ratnamanimetalstubes
375,http://www.moneycontrol.com/india/stockpricequote/powergenerationdistribution/rattanindiapower/IP09,IP09,powergenerationdistribution,rattanindiapower
376,http://www.moneycontrol.com/india/stockpricequote/textileswoollenworsted/raymond/R,R,textileswoollenworsted,raymond
377,http://www.moneycontrol.com/india/stockpricequote/banksprivatesector/rblbank/RB03,RB03,banksprivatesector,rblbank
378,http://www.moneycontrol.com/india/stockpricequote/financetermlendinginstitutions/ruralelectrificationcorporation/REC02,REC02,financetermlendinginstitutions,ruralelectrificationcorporation
379,http://www.moneycontrol.com/india/stockpricequote/computershardware/redingtonindia/RI37,RI37,computershardware,redingtonindia
380,http://www.moneycontrol.com/india/stockpricequote/financeinvestments/reliancecapital/RC,RC,financeinvestments,reliancecapital
381,http://www.moneycontrol.com/india/stockpricequote/leatherproducts/relaxofootwears/RF07,RF07,leatherproducts,relaxofootwears
382,http://www.moneycontrol.com/india/stockpricequote/refineries/relianceindustries/RI,RI,refineries,relianceindustries
383,http://www.moneycontrol.com/india/stockpricequote/telecommunicationsservice/reliancecommunications/RC13,RC13,telecommunicationsservice,reliancecommunications
384,http://www.moneycontrol.com/india/stockpricequote/powergenerationdistribution/relianceinfrastructure/RI38,RI38,powergenerationdistribution,relianceinfrastructure
385,http://www.moneycontrol.com/india/stockpricequote/shipping/reliancenavalengineering/PS04,PS04,shipping,reliancenavalengineering
386,http://www.moneycontrol.com/india/stockpricequote/powergenerationdistribution/reliancepower/RP,RP,powergenerationdistribution,reliancepower
387,http://www.moneycontrol.com/india/stockpricequote/financeinvestments/religareenterprises/RE09,RE09,financeinvestments,religareenterprises
388,http://www.moneycontrol.com/india/stockpricequote/financehousing/repcohomefinance/RHF,RHF,financehousing,repcohomefinance
389,http://www.moneycontrol.com/india/stockpricequote/computerssoftware/roltaindia/RI15,RI15,computerssoftware,roltaindia
390,http://www.moneycontrol.com/india/stockpricequote/chemicals/shkelkarcompany/KC17,KC17,chemicals,shkelkarcompany
391,http://www.moneycontrol.com/india/stockpricequote/infrastructuregeneral/sadbhavengineering/SE19,SE19,infrastructuregeneral,sadbhavengineering
392,http://www.moneycontrol.com/india/stockpricequote/steellarge/steelauthorityindia/SAI,SAI,steellarge,steelauthorityindia
393,http://www.moneycontrol.com/india/stockpricequote/pharmaceuticals/sanofiindia/AP26,AP26,pharmaceuticals,sanofiindia
394,http://www.moneycontrol.com/india/stockpricequote/bankspublicsector/statebankindia/SBI,SBI,bankspublicsector,statebankindia
395,http://www.moneycontrol.com/india/stockpricequote/bearings/schaefflerindia/FAG,FAG,bearings,schaefflerindia
396,http://www.moneycontrol.com/india/stockpricequote/powergenerationdistribution/schneiderelectricinfrastructure/SEI04,SEI04,powergenerationdistribution,schneiderelectricinfrastructure
397,http://www.moneycontrol.com/india/stockpricequote/pharmaceuticals/sequentscientific/PID01,PID01,pharmaceuticals,sequentscientific
398,http://www.moneycontrol.com/india/stockpricequote/pesticidesagrochemicals/shardacropchem/SC04,SC04,pesticidesagrochemicals,shardacropchem
399,http://www.moneycontrol.com/india/stockpricequote/miscellaneous/sheelafoam/SF14,SF14,miscellaneous,sheelafoam
400,http://www.moneycontrol.com/india/stockpricequote/pharmaceuticals/shilpamedicare/SM19,SM19,pharmaceuticals,shilpamedicare
401,http://www.moneycontrol.com/india/stockpricequote/shipping/shippingcorporationindia/SCI,SCI,shipping,shippingcorporationindia
402,http://www.moneycontrol.com/india/stockpricequote/retail/shoppersstop/SS51,SS51,retail,shoppersstop
403,http://www.moneycontrol.com/india/stockpricequote/cementmajor/shreecements/SC12,SC12,cementmajor,shreecements
404,http://www.moneycontrol.com/india/stockpricequote/sugar/shreerenukasugars/SRS03,SRS03,sugar,shreerenukasugars
405,http://www.moneycontrol.com/india/stockpricequote/financeleasinghirepurchase/shriramcityunionfinance/SCU,SCU,financeleasinghirepurchase,shriramcityunionfinance
406,http://www.moneycontrol.com/india/stockpricequote/financeleasinghirepurchase/shriramtransportfinancecorporation/STF,STF,financeleasinghirepurchase,shriramtransportfinancecorporation
407,http://www.moneycontrol.com/india/stockpricequote/infrastructuregeneral/siemens/S,S,infrastructuregeneral,siemens
408,http://www.moneycontrol.com/india/stockpricequote/mediaentertainment/sitinetworks/WWI,WWI,mediaentertainment,sitinetworks
409,http://www.moneycontrol.com/india/stockpricequote/powergenerationdistribution/sjvn/S11,S11,powergenerationdistribution,sjvn
410,http://www.moneycontrol.com/india/stockpricequote/bearings/skfindia/SKF01,SKF01,bearings,skfindia
411,http://www.moneycontrol.com/india/stockpricequote/autolcvshcvs/smlisuzu/SM,SM,autolcvshcvs,smlisuzu
412,http://www.moneycontrol.com/india/stockpricequote/constructioncontractingrealestate/sobha/SD6,SD6,constructioncontractingrealestate,sobha
413,http://www.moneycontrol.com/india/stockpricequote/chemicals/solarindustriesindia/SII04,SII04,chemicals,solarindustriesindia
414,http://www.moneycontrol.com/india/stockpricequote/ceramicsgranite/somanyceramics/SC49,SC49,ceramicsgranite,somanyceramics
415,http://www.moneycontrol.com/india/stockpricequote/computerssoftwaremediumsmall/sonatasoftware/SS42,SS42,computerssoftwaremediumsmall,sonatasoftware
416,http://www.moneycontrol.com/india/stockpricequote/banksprivatesector/southindianbank/SIB,SIB,banksprivatesector,southindianbank
417,http://www.moneycontrol.com/india/stockpricequote/transportlogistics/spicejet/SJ01,SJ01,transportlogistics,spicejet
418,http://www.moneycontrol.com/india/stockpricequote/financeleasinghirepurchase/sreiinfrastructurefinance/SRE02,SRE02,financeleasinghirepurchase,sreiinfrastructurefinance
419,http://www.moneycontrol.com/india/stockpricequote/textilesmanmade/srf/SRF,SRF,textilesmanmade,srf
420,http://www.moneycontrol.com/india/stockpricequote/cablestelephone/sterlitetechnologies/ST20,ST20,cablestelephone,sterlitetechnologies
421,http://www.moneycontrol.com/india/stockpricequote/pharmaceuticals/stridesshasun/SA10,SA10,pharmaceuticals,stridesshasun
422,http://www.moneycontrol.com/india/stockpricequote/dyespigments/sudarshanchemicalindustries/SCI08,SCI08,dyespigments,sudarshanchemicalindustries
423,http://www.moneycontrol.com/india/stockpricequote/pharmaceuticals/sunpharmaceuticalindustries/SPI,SPI,pharmaceuticals,sunpharmaceuticalindustries
424,http://www.moneycontrol.com/india/stockpricequote/pharmaceuticals/sunpharmaadvancedresearchcompany/SPA,SPA,pharmaceuticals,sunpharmaadvancedresearchcompany
425,http://www.moneycontrol.com/india/stockpricequote/mediaentertainment/suntvnetwork/STN01,STN01,mediaentertainment,suntvnetwork
426,http://www.moneycontrol.com/india/stockpricequote/fasteners/sundramfasteners/SF23,SF23,fasteners,sundramfasteners
427,http://www.moneycontrol.com/india/stockpricequote/constructioncontractingrealestate/sunteckrealty/SR05,SR05,constructioncontractingrealestate,sunteckrealty
428,http://www.moneycontrol.com/india/stockpricequote/plastics/supremeindustries/SI48,SI48,plastics,supremeindustries
429,http://www.moneycontrol.com/india/stockpricequote/pharmaceuticals/suvenlifesciences/SLS01,SLS01,pharmaceuticals,suvenlifesciences
430,http://www.moneycontrol.com/india/stockpricequote/powergenerationdistribution/suzlonenergy/SE17,SE17,powergenerationdistribution,suzlonenergy
431,http://www.moneycontrol.com/india/stockpricequote/trading/swanenergy/SM09,SM09,trading,swanenergy
432,http://www.moneycontrol.com/india/stockpricequote/consumergoodswhitegoods/symphony/SCS04,SCS04,consumergoodswhitegoods,symphony
433,http://www.moneycontrol.com/india/stockpricequote/bankspublicsector/syndicatebank/SB9,SB9,bankspublicsector,syndicatebank
434,http://www.moneycontrol.com/india/stockpricequote/miscellaneous/syngeneinternational/SI10,SI10,miscellaneous,syngeneinternational
435,http://www.moneycontrol.com/india/stockpricequote/computerssoftwaremediumsmall/takesolutions/TS09,TS09,computerssoftwaremediumsmall,takesolutions
436,http://www.moneycontrol.com/india/stockpricequote/paper/tamilnadunewsprintpapers/TNN,TNN,paper,tamilnadunewsprintpapers
437,http://www.moneycontrol.com/india/stockpricequote/chemicals/tatachemicals/TC,TC,chemicals,tatachemicals
438,http://www.moneycontrol.com/india/stockpricequote/plantationsteacoffee/tatacoffee/TC14,TC14,plantationsteacoffee,tatacoffee
439,http://www.moneycontrol.com/india/stockpricequote/telecommunicationsservice/tatacommunications/TC17,TC17,telecommunicationsservice,tatacommunications
440,http://www.moneycontrol.com/india/stockpricequote/computerssoftware/tataelxsi/TE,TE,computerssoftware,tataelxsi
441,http://www.moneycontrol.com/india/stockpricequote/plantationsteacoffee/tataglobalbeverage/TT,TT,plantationsteacoffee,tataglobalbeverage
442,http://www.moneycontrol.com/india/stockpricequote/financeinvestments/tatainvestmentcorporation/TIC,TIC,financeinvestments,tatainvestmentcorporation
443,http://www.moneycontrol.com/india/stockpricequote/autolcvshcvs/tatamotors/TM03,TM03,autolcvshcvs,tatamotors
444,http://www.moneycontrol.com/india/stockpricequote/autolcvshcvs/tatamotorsdvr/TMD,TMD,autolcvshcvs,tatamotorsdvr
445,http://www.moneycontrol.com/india/stockpricequote/powergenerationdistribution/tatapowercompany/TPC,TPC,powergenerationdistribution,tatapowercompany
446,http://www.moneycontrol.com/india/stockpricequote/steelspongeiron/tataspongeiron/TSI,TSI,steelspongeiron,tataspongeiron
447,http://www.moneycontrol.com/india/stockpricequote/steellarge/tatasteel/TIS,TIS,steellarge,tatasteel
448,http://www.moneycontrol.com/india/stockpricequote/computerssoftware/tataconsultancyservices/TCS,TCS,computerssoftware,tataconsultancyservices
449,http://www.moneycontrol.com/india/stockpricequote/computerssoftware/techmahindra/TM4,TM4,computerssoftware,techmahindra
450,http://www.moneycontrol.com/india/stockpricequote/electricequipment/technoelectricengineeringcompany/TEE,TEE,electricequipment,technoelectricengineeringcompany
451,http://www.moneycontrol.com/india/stockpricequote/infrastructuregeneral/texmacorailengineering/TRE,TRE,infrastructuregeneral,texmacorailengineering
452,http://www.moneycontrol.com/india/stockpricequote/infrastructuregeneral/thermax/T,T,infrastructuregeneral,thermax
453,http://www.moneycontrol.com/india/stockpricequote/miscellaneous/thomascookindia/TCI,TCI,miscellaneous,thomascookindia
454,http://www.moneycontrol.com/india/stockpricequote/hospitalsmedicalservices/thyrocaretechnologies/TT16,TT16,hospitalsmedicalservices,thyrocaretechnologies
455,http://www.moneycontrol.com/india/stockpricequote/miscellaneous/tifinancialholdings/TII,TII,miscellaneous,tifinancialholdings
456,http://www.moneycontrol.com/india/stockpricequote/bearings/timkenindia/TI23,TI23,bearings,timkenindia
457,http://www.moneycontrol.com/india/stockpricequote/infrastructuregeneral/titagarhwagons/TW04,TW04,infrastructuregeneral,titagarhwagons
458,http://www.moneycontrol.com/india/stockpricequote/miscellaneous/titancompany/TI01,TI01,miscellaneous,titancompany
459,http://www.moneycontrol.com/india/stockpricequote/pharmaceuticals/torrentpharmaceuticals/TP06,TP06,pharmaceuticals,torrentpharmaceuticals
460,http://www.moneycontrol.com/india/stockpricequote/powergenerationdistribution/torrentpower/TP14,TP14,powergenerationdistribution,torrentpower
461,http://www.moneycontrol.com/india/stockpricequote/retail/trent/T04,T04,retail,trent
462,http://www.moneycontrol.com/india/stockpricequote/textilesspinningcottonblended/trident/AI01,AI01,textilesspinningcottonblended,trident
463,http://www.moneycontrol.com/india/stockpricequote/electricequipment/triveniturbine/TT14,TT14,electricequipment,triveniturbine
464,http://www.moneycontrol.com/india/stockpricequote/domesticappliances/ttkprestige/TTK02,TTK02,domesticappliances,ttkprestige
465,http://www.moneycontrol.com/india/stockpricequote/mediaentertainment/tvtodaynetwork/TVT,TVT,mediaentertainment,tvtodaynetwork
466,http://www.moneycontrol.com/india/stockpricequote/mediaentertainment/tv18broadcast/IBN,IBN,mediaentertainment,tv18broadcast
467,http://www.moneycontrol.com/india/stockpricequote/auto23wheelers/tvsmotorcompany/TVS,TVS,auto23wheelers,tvsmotorcompany
468,http://www.moneycontrol.com/india/stockpricequote/tyres/tvssrichakra/TVS03,TVS03,tyres,tvssrichakra
469,http://www.moneycontrol.com/india/stockpricequote/bankspublicsector/ucobank/UCO,UCO,bankspublicsector,ucobank
470,http://www.moneycontrol.com/india/stockpricequote/packaging/uflex/U01,U01,packaging,uflex
471,http://www.moneycontrol.com/india/stockpricequote/financegeneral/ujjivanfinancialservices/UFS01,UFS01,financegeneral,ujjivanfinancialservices
472,http://www.moneycontrol.com/india/stockpricequote/cementmajor/ultratechcement/UTC01,UTC01,cementmajor,ultratechcement
473,http://www.moneycontrol.com/india/stockpricequote/pharmaceuticals/unichemlaboratories/UL02,UL02,pharmaceuticals,unichemlaboratories
474,http://www.moneycontrol.com/india/stockpricequote/bankspublicsector/unionbankindia/UBI01,UBI01,bankspublicsector,unionbankindia
475,http://www.moneycontrol.com/india/stockpricequote/constructioncontractingcivil/unitech/U,U,constructioncontractingcivil,unitech
476,http://www.moneycontrol.com/india/stockpricequote/breweriesdistilleries/unitedbreweries/UB02,UB02,breweriesdistilleries,unitedbreweries
477,http://www.moneycontrol.com/india/stockpricequote/chemicals/upl/UP04,UP04,chemicals,upl
478,http://www.moneycontrol.com/india/stockpricequote/electricequipment/vguardindustries/VI02,VI02,electricequipment,vguardindustries
479,http://www.moneycontrol.com/india/stockpricequote/infrastructuregeneral/vatechwabag/VTW,VTW,infrastructuregeneral,vatechwabag
480,http://www.moneycontrol.com/india/stockpricequote/computerssoftwaremediumsmall/vakrangee/VS,VS,computerssoftwaremediumsmall,vakrangee
481,http://www.moneycontrol.com/india/stockpricequote/textilesspinningcottonblended/vardhmantextiles/VT10,VT10,textilesspinningcottonblended,vardhmantextiles
482,http://www.moneycontrol.com/india/stockpricequote/foodprocessing/varunbeverages/VB05,VB05,foodprocessing,varunbeverages
483,http://www.moneycontrol.com/india/stockpricequote/miningminerals/vedanta/SG,SG,miningminerals,vedanta
484,http://www.moneycontrol.com/india/stockpricequote/consumergoodselectronic/videoconindustries/VLF,VLF,consumergoodselectronic,videoconindustries
485,http://www.moneycontrol.com/india/stockpricequote/bankspublicsector/vijayabank/VB03,VB03,bankspublicsector,vijayabank
486,http://www.moneycontrol.com/india/stockpricequote/chemicals/vinatiorganics/VO01,VO01,chemicals,vinatiorganics
487,http://www.moneycontrol.com/india/stockpricequote/plastics/vipindustries/VIP,VIP,plastics,vipindustries
488,http://www.moneycontrol.com/india/stockpricequote/diversified/voltas/V,V,diversified,voltas
489,http://www.moneycontrol.com/india/stockpricequote/cigarettes/vstindustries/VST,VST,cigarettes,vstindustries
490,http://www.moneycontrol.com/india/stockpricequote/autoancillaries/wabcoindia/WAB,WAB,autoancillaries,wabcoindia
491,http://www.moneycontrol.com/india/stockpricequote/steeltubespipes/welspuncorp/WGS,WGS,steeltubespipes,welspuncorp
492,http://www.moneycontrol.com/india/stockpricequote/textilesweaving/welspunindia/WI03,WI03,textilesweaving,welspunindia
493,http://www.moneycontrol.com/india/stockpricequote/hotels/westlifedevelopment/DIC,DIC,hotels,westlifedevelopment
494,http://www.moneycontrol.com/india/stockpricequote/consumergoodswhitegoods/whirlpoolindia/WI,WI,consumergoodswhitegoods,whirlpoolindia
495,http://www.moneycontrol.com/india/stockpricequote/computerssoftware/wipro/W,W,computerssoftware,wipro
496,http://www.moneycontrol.com/india/stockpricequote/pharmaceuticals/wockhardt/W05,W05,pharmaceuticals,wockhardt
497,http://www.moneycontrol.com/india/stockpricequote/miscellaneous/wonderlaholidays/WH01,WH01,miscellaneous,wonderlaholidays
498,http://www.moneycontrol.com/india/stockpricequote/banksprivatesector/yesbank/YB,YB,banksprivatesector,yesbank
499,http://www.moneycontrol.com/india/stockpricequote/mediaentertainment/zeeentertainmententerprises/ZEE,ZEE,mediaentertainment,zeeentertainmententerprises
500,http://www.moneycontrol.com/india/stockpricequote/computerssoftware/zensartechnologies/ZT02,ZT02,computerssoftware,zensartechnologies
501,,,,
