,LINK,MARKETCAP_RS_CR,P_BY_E,BOOK_VALUE_RS,DIV_PERCENT,MARKET_LOT,INDUSTRY_P_BY_E,EPS_TTM,P_BY_C,PRICE_BY_BOOK,DIV_YIELD_PERCENT,FACE_VALUE,sector,company_code,company_name
0,http://www.moneycontrol.com/india/stockpricequote/diversified/3mindia/MI42,22112.99,71.21,1364.33,0.0,1,21.24,275.66,62.76,14.39,,10.0,diversified,MI42,3mindia
1,http://www.moneycontrol.com/india/stockpricequote/computerssoftware/8kmilessoftwareservices/PMS01,1493.99,305.97,28.49,0.0,1,22.18,1.6,261.79,17.18,,5.0,computerssoftware,PMS01,8kmilessoftwareservices
2,http://www.moneycontrol.com/india/stockpricequote/chemicals/aartiindustries/AI45,10029.98,31.7,200.01,20.0,1,22.75,38.92,22.18,6.17,0.08,5.0,chemicals,AI45,aartiindustries
3,http://www.moneycontrol.com/india/stockpricequote/oildrillingandexploration/abanoffshore/AO04,652.23,76.02,701.88,0.0,1,11.19,1.47,3.84,0.16,,2.0,oildrillingandexploration,AO04,abanoffshore
4,http://www.moneycontrol.com/india/stockpricequote/infrastructuregeneral/abbindia/ABB,25017.9,57.84,170.21,200.0,1,46.21,20.41,42.38,6.94,0.34,2.0,infrastructuregeneral,ABB,abbindia
5,http://www.moneycontrol.com/india/stockpricequote/pharmaceuticals/abbottindia/AI51,15388.74,38.35,796.62,550.0,1,28.83,188.83,36.87,9.09,0.76,10.0,pharmaceuticals,AI51,abbottindia
6,http://www.moneycontrol.com/india/stockpricequote/cementmajor/acc/ACC06,25131.57,26.48,498.72,260.0,1,35.64,50.54,15.81,2.68,1.94,10.0,cementmajor,ACC06,acc
7,http://www.moneycontrol.com/india/stockpricequote/trading/adanienterprises/AE13,12416.86,63.07,36.04,40.0,1,43.05,1.79,43.59,3.13,0.35,1.0,trading,AE13,adanienterprises
8,http://www.moneycontrol.com/india/stockpricequote/infrastructuregeneral/adaniportsspecialeconomiczone/MPS,77039.41,30.82,93.06,65.0,1,37.91,12.07,25.94,4.0,0.35,2.0,infrastructuregeneral,MPS,adaniportsspecialeconomiczone
11,http://www.moneycontrol.com/india/stockpricequote/retail/adityabirlafashionretail/PFR,10680.64,90.46,12.43,0.0,1,68.9,1.53,26.77,11.13,,10.0,retail,PFR,adityabirlafashionretail
12,http://www.moneycontrol.com/india/stockpricequote/pharmaceuticals/advancedenzymetechnologies/AET,2413.85,67.35,26.06,20.0,1,24.28,3.21,55.29,8.3,0.19,2.0,pharmaceuticals,AET,advancedenzymetechnologies
13,http://www.moneycontrol.com/india/stockpricequote/transportlogistics/aegislogistics/AL9,7102.51,70.41,16.74,105.0,1,40.69,3.02,59.73,12.7,0.49,1.0,transportlogistics,AL9,aegislogistics
14,http://www.moneycontrol.com/india/stockpricequote/castingsforgings/aiaengineering/AIE01,14080.62,29.96,306.61,400.0,1,26.61,49.82,26.35,4.87,0.54,2.0,castingsforgings,AIE01,aiaengineering
15,http://www.moneycontrol.com/india/stockpricequote/pharmaceuticals/ajantapharma/AP22,8671.29,20.28,219.44,0.0,1,28.83,48.57,17.89,4.49,,2.0,pharmaceuticals,AP22,ajantapharma
16,http://www.moneycontrol.com/india/stockpricequote/paintsvarnishes/akzonobelindia/ICI,8585.96,21.44,301.8,220.0,1,55.61,85.84,18.72,6.1,1.2,10.0,paintsvarnishes,ICI,akzonobelindia
17,http://www.moneycontrol.com/india/stockpricequote/pharmaceuticals/alembicpharmaceuticals/AP35,9479.52,22.46,121.44,200.0,1,28.83,22.39,18.1,4.14,0.8,2.0,pharmaceuticals,AP35,alembicpharmaceuticals
18,http://www.moneycontrol.com/india/stockpricequote/pharmaceuticals/alkemlaboratories/AL05,22573.27,31.53,427.26,300.0,1,28.83,59.87,27.41,4.42,0.32,2.0,pharmaceuticals,AL05,alkemlaboratories
20,http://www.moneycontrol.com/india/stockpricequote/transportlogistics/allcargologistics/AGL02,2592.09,90.17,55.81,100.0,1,40.69,1.17,19.87,1.89,1.9,2.0,transportlogistics,AGL02,allcargologistics
21,http://www.moneycontrol.com/india/stockpricequote/autoancillaries/amararajabatteries/ARB,12392.45,26.3,179.4,425.0,1,30.16,27.59,17.66,4.04,0.59,1.0,autoancillaries,ARB,amararajabatteries
22,http://www.moneycontrol.com/india/stockpricequote/cementmajor/ambujacements/AC18,41192.21,32.31,100.59,180.0,1,35.64,6.42,22.28,2.06,1.74,2.0,cementmajor,AC18,ambujacements
24,http://www.moneycontrol.com/india/stockpricequote/electricequipment/aparindustries/AI40,2574.33,17.87,285.38,100.0,1,15.61,37.65,13.29,2.36,1.49,10.0,electricequipment,AI40,aparindustries
25,http://www.moneycontrol.com/india/stockpricequote/steeltubespipes/aplapollotubes/BT09,3946.5,37.52,213.34,120.0,1,17.39,44.32,26.46,7.8,0.72,10.0,steeltubespipes,BT09,aplapollotubes
26,http://www.moneycontrol.com/india/stockpricequote/hospitalsmedicalservices/apollohospitalsenterprises/AHE,14608.14,62.65,274.01,120.0,1,50.7,16.76,28.92,3.83,0.57,5.0,hospitalsmedicalservices,AHE,apollohospitalsenterprises
27,http://www.moneycontrol.com/india/stockpricequote/tyres/apollotyres/AT14,14595.86,23.45,104.18,300.0,1,25.91,10.88,14.79,2.45,1.18,1.0,tyres,AT14,apollotyres
28,http://www.moneycontrol.com/india/stockpricequote/textilesdenim/arvind/A18,10303.3,42.25,135.03,24.0,1,34.68,9.43,22.77,2.95,0.6,10.0,textilesdenim,A18,arvind
29,http://www.moneycontrol.com/india/stockpricequote/glassglassproducts/asahiindiaglass/AIG01,8065.72,43.54,28.21,100.0,1,40.05,7.62,29.11,11.76,0.3,1.0,glassglassproducts,AIG01,asahiindiaglass
30,http://www.moneycontrol.com/india/stockpricequote/autolcvshcvs/ashokleyland/AL,36821.17,23.58,24.41,243.0,1,34.71,5.32,17.4,5.14,1.94,1.0,autolcvshcvs,AL,ashokleyland
31,http://www.moneycontrol.com/india/stockpricequote/constructioncontractingcivil/ashokabuildcon/AB,4253.89,16.87,112.28,32.0,1,28.23,13.47,13.94,2.02,0.7,5.0,constructioncontractingcivil,AB,ashokabuildcon
32,http://www.moneycontrol.com/india/stockpricequote/paintsvarnishes/asianpaints/AP31,121146.68,63.92,81.3,870.0,1,55.61,19.76,54.91,15.54,0.69,1.0,paintsvarnishes,AP31,asianpaints
33,http://www.moneycontrol.com/india/stockpricequote/telecommunicationsequipment/astramicrowaveproducts/AMP01,851.39,14.02,59.44,50.0,1,27.31,7.01,9.7,1.65,1.02,2.0,telecommunicationsequipment,AMP01,astramicrowaveproducts
34,http://www.moneycontrol.com/india/stockpricequote/plastics/astralpolytechnik/APT02,12085.31,101.5,69.71,50.0,1,84.99,9.94,72.95,14.47,0.05,1.0,plastics,APT02,astralpolytechnik
35,http://www.moneycontrol.com/india/stockpricequote/pharmaceuticals/astrazenecapharma/AZP,3544.25,136.06,82.55,0.0,1,28.83,10.42,86.87,17.17,,2.0,pharmaceuticals,AZP,astrazenecapharma
36,http://www.moneycontrol.com/india/stockpricequote/dyespigments/atul/A06,7860.36,29.07,738.73,100.0,1,21.49,91.16,20.95,3.59,0.38,10.0,dyespigments,A06,atul
37,http://www.moneycontrol.com/india/stockpricequote/pharmaceuticals/aurobindopharma/AP,35447.41,19.55,174.92,250.0,1,28.83,30.94,16.35,3.46,0.41,1.0,pharmaceuticals,AP,aurobindopharma
38,http://www.moneycontrol.com/india/stockpricequote/aquaculture/avantifeeds/AF21,7342.96,17.69,72.47,450.0,1,17.15,30.46,17.09,7.44,0.83,1.0,aquaculture,AF21,avantifeeds
39,http://www.moneycontrol.com/india/stockpricequote/retail/avenuesupermarts/AS19,92495.56,117.91,74.06,0.0,1,145.89,12.57,98.48,20.01,,10.0,retail,AS19,avenuesupermarts
40,http://www.moneycontrol.com/india/stockpricequote/banksprivatesector/axisbank/AB16,131067.69,477.01,217.28,0.0,1,32.65,1.07,155.14,2.35,,2.0,banksprivatesector,AB16,axisbank
41,http://www.moneycontrol.com/india/stockpricequote/auto23wheelers/bajajauto/BA10,80530.84,19.8,660.19,600.0,1,21.21,140.59,18.37,4.22,2.16,10.0,auto23wheelers,BA10,bajajauto
42,http://www.moneycontrol.com/india/stockpricequote/personalcare/bajajcorp/BC02,5972.28,27.62,48.68,1150.0,1,66.93,14.66,26.76,8.32,2.84,1.0,personalcare,BC02,bajajcorp
43,http://www.moneycontrol.com/india/stockpricequote/domesticappliances/bajajelectricals/BE,5557.02,66.43,93.53,140.0,1,48.01,8.19,47.27,5.82,0.51,2.0,domesticappliances,BE,bajajelectricals
44,http://www.moneycontrol.com/india/stockpricequote/financeleasinghirepurchase/bajajfinance/BAF,132932.73,50.23,285.81,200.0,1,34.92,45.79,48.36,8.05,0.17,2.0,financeleasinghirepurchase,BAF,bajajfinance
45,http://www.moneycontrol.com/india/stockpricequote/financeinvestments/bajajfinserv/BF04,92595.14,655.25,180.96,35.0,1,34.92,8.88,648.68,32.15,0.03,5.0,financeinvestments,BF04,bajajfinserv
47,http://www.moneycontrol.com/india/stockpricequote/financeinvestments/bajajholdingsinvestment/BHI,32142.68,24.47,738.27,400.0,1,34.92,118.03,24.37,3.91,1.38,10.0,financeinvestments,BHI,bajajholdingsinvestment
48,http://www.moneycontrol.com/india/stockpricequote/tyres/balkrishnaindustries/BI03,20030.56,27.1,211.84,400.0,1,25.91,38.24,19.07,4.89,0.77,2.0,tyres,BI03,balkrishnaindustries
49,http://www.moneycontrol.com/india/stockpricequote/diversified/balmerlawriecompany/BLC,2403.74,13.01,118.49,70.0,1,21.24,16.21,11.37,1.78,3.32,10.0,diversified,BLC,balmerlawriecompany
50,http://www.moneycontrol.com/india/stockpricequote/sugar/balrampurchinimills/BCM,1448.24,6.55,77.12,350.0,1,9.88,9.68,4.58,0.82,5.52,1.0,sugar,BCM,balrampurchinimills
54,http://www.moneycontrol.com/india/stockpricequote/chemicals/basfindia/BAS,8393.52,34.05,311.59,10.0,1,22.75,56.95,20.99,6.22,0.05,10.0,chemicals,BAS,basfindia
55,http://www.moneycontrol.com/india/stockpricequote/leatherproducts/bataindia/BI01,11041.16,49.37,115.05,80.0,1,41.6,17.4,38.87,7.47,0.47,5.0,leatherproducts,BI01,bataindia
56,http://www.moneycontrol.com/india/stockpricequote/pesticidesagrochemicals/bayercropscience/BC12,15637.92,52.11,686.13,170.0,1,36.35,87.41,46.93,6.64,0.37,10.0,pesticidesagrochemicals,BC12,bayercropscience
57,http://www.moneycontrol.com/india/stockpricequote/infrastructuregeneral/beml/BEM03,3396.94,26.25,554.91,80.0,1,21.24,31.08,17.54,1.47,0.98,10.0,infrastructuregeneral,BEM03,beml
58,http://www.moneycontrol.com/india/stockpricequote/paintsvarnishes/bergerpaintsindia/BPI02,27310.26,62.22,24.24,175.0,1,55.61,4.52,49.6,11.6,0.62,1.0,paintsvarnishes,BPI02,bergerpaintsindia
59,http://www.moneycontrol.com/india/stockpricequote/powergenerationdistribution/bfutilities/BFU,1179.94,74.58,26.7,0.0,1,11.31,4.2,60.01,11.73,,5.0,powergenerationdistribution,BFU,bfutilities
60,http://www.moneycontrol.com/india/stockpricequote/electricals/bharatelectronics/BE03,26707.49,19.07,30.56,225.0,1,19.48,5.7,16.18,3.56,2.07,1.0,electricals,BE03,bharatelectronics
61,http://www.moneycontrol.com/india/stockpricequote/financegeneral/bharatfinancialinclusion/SM11,16104.38,35.36,175.59,0.0,1,34.92,32.67,34.36,6.58,,10.0,financegeneral,SM11,bharatfinancialinclusion
62,http://www.moneycontrol.com/india/stockpricequote/castingsforgings/bharatforge/BF03,28510.32,40.31,90.89,475.0,1,44.13,15.19,28.12,6.74,1.55,2.0,castingsforgings,BF03,bharatforge
63,http://www.moneycontrol.com/india/stockpricequote/telecommunicationsservice/bhartiairtel/BA08,152300.94,1905.0,253.38,20.0,1,344.41,0.2,11.6,1.5,0.26,5.0,telecommunicationsservice,BA08,bhartiairtel
64,http://www.moneycontrol.com/india/stockpricequote/telecommunicationsequipment/bhartiinfratel/BI14,55247.8,22.89,100.84,160.0,1,22.66,13.05,15.37,2.96,5.36,10.0,telecommunicationsequipment,BI14,bhartiinfratel
65,http://www.moneycontrol.com/india/stockpricequote/infrastructuregeneral/bharatheavyelectricals/BHE,26342.3,32.61,87.96,79.0,1,21.24,2.2,16.53,0.82,2.2,2.0,infrastructuregeneral,BHE,bharatheavyelectricals
66,http://www.moneycontrol.com/india/stockpricequote/pharmaceuticals/biocon/BL03,36885.0,154.46,60.12,20.0,1,28.83,3.98,98.52,10.23,0.16,5.0,pharmaceuticals,BL03,biocon
67,http://www.moneycontrol.com/india/stockpricequote/cementmajor/birlacorporation/BC07,5563.64,48.33,427.15,65.0,1,35.64,14.95,21.3,1.69,0.9,10.0,cementmajor,BC07,birlacorporation
68,http://www.moneycontrol.com/india/stockpricequote/pharmaceuticals/blissgvspharma/BGV,1736.47,30.44,53.16,60.0,1,28.83,5.53,27.69,3.17,0.36,1.0,pharmaceuticals,BGV,blissgvspharma
69,http://www.moneycontrol.com/india/stockpricequote/couriers/bluedartexpress/BDE,8664.49,60.97,279.75,150.0,1,53.64,59.89,46.32,13.05,0.41,10.0,couriers,BDE,bluedartexpress
70,http://www.moneycontrol.com/india/stockpricequote/consumergoodswhitegoods/bluestar/BS,6190.25,43.61,95.44,375.0,1,19.08,14.76,30.56,6.74,1.17,2.0,consumergoodswhitegoods,BS,bluestar
72,http://www.moneycontrol.com/india/stockpricequote/textilesprocessing/bombaydyeingmanufacturingcompany/BDM,4551.0,131.95,21.2,35.0,1,50.65,1.67,70.85,10.39,0.32,2.0,textilesprocessing,BDM,bombaydyeingmanufacturingcompany
73,http://www.moneycontrol.com/india/stockpricequote/autoancillaries/bosch/B05,53376.96,38.94,3332.27,1650.0,1,34.3,449.12,29.04,5.25,0.94,10.0,autoancillaries,B05,bosch
74,http://www.moneycontrol.com/india/stockpricequote/refineries/bharatpetroleumcorporation/BPC,80598.59,10.18,137.83,310.0,1,7.49,36.51,7.63,2.7,8.34,10.0,refineries,BPC,bharatpetroleumcorporation
75,http://www.moneycontrol.com/india/stockpricequote/foodprocessing/britanniaindustries/BI,74736.82,78.85,294.01,1100.0,1,64.8,78.95,70.0,21.17,0.35,2.0,foodprocessing,BI,britanniaindustries
76,http://www.moneycontrol.com/india/stockpricequote/pharmaceuticals/cadilahealthcare/CHC,38625.81,35.39,75.3,320.0,1,28.83,10.66,27.91,5.01,0.85,1.0,pharmaceuticals,CHC,cadilahealthcare
77,http://www.moneycontrol.com/india/stockpricequote/financehousing/canfinhomes/CFH,4539.96,15.05,101.12,100.0,1,24.02,22.66,14.9,3.37,0.59,2.0,financehousing,CFH,canfinhomes
79,http://www.moneycontrol.com/india/stockpricequote/financegeneral/capitalfirst/FCH,5116.04,15.65,257.52,28.0,1,34.92,33.02,14.42,2.01,0.54,10.0,financegeneral,FCH,capitalfirst
80,http://www.moneycontrol.com/india/stockpricequote/pharmaceuticals/caplinpointlaboratories/CPL,3218.06,31.46,39.43,75.0,1,28.83,13.53,26.54,10.8,0.35,2.0,pharmaceuticals,CPL,caplinpointlaboratories
81,http://www.moneycontrol.com/india/stockpricequote/abrasives/carborundumuniversal/CU,5961.6,41.55,63.41,175.0,1,39.14,7.59,27.43,4.97,0.55,1.0,abrasives,CU,carborundumuniversal
82,http://www.moneycontrol.com/india/stockpricequote/miscellaneous/creditanalysisresearch/CAR,3682.95,22.87,224.04,280.0,1,38.62,54.66,22.46,5.58,2.24,10.0,miscellaneous,CAR,creditanalysisresearch
83,http://www.moneycontrol.com/india/stockpricequote/lubricants/castrolindia/CI01,16320.52,23.5,10.31,140.0,1,25.3,7.02,22.06,16.0,4.24,5.0,lubricants,CI01,castrolindia
84,http://www.moneycontrol.com/india/stockpricequote/plantationsteacoffee/cclproductsindia/CC10,3609.05,36.91,44.7,125.0,1,31.24,7.35,33.13,6.07,0.92,2.0,plantationsteacoffee,CC10,cclproductsindia
85,http://www.moneycontrol.com/india/stockpricequote/tyres/ceat/C07,5093.27,18.22,639.03,115.0,1,25.91,69.09,11.55,1.97,0.91,10.0,tyres,C07,ceat
87,http://www.moneycontrol.com/india/stockpricequote/diversified/centurytextilesindustries/CTI,9896.24,26.63,255.47,55.0,1,21.24,33.27,14.44,3.47,0.62,10.0,diversified,CTI,centurytextilesindustries
88,http://www.moneycontrol.com/india/stockpricequote/miscellaneous/centuryplyboards/CP9,5606.57,35.79,31.84,100.0,1,36.69,7.04,23.59,7.91,0.4,1.0,miscellaneous,CP9,centuryplyboards
89,http://www.moneycontrol.com/india/stockpricequote/ceramicsgranite/cerasanitaryware/CS18,3597.55,35.89,478.75,240.0,1,23.33,77.08,29.34,5.78,0.43,5.0,ceramicsgranite,CS18,cerasanitaryware
90,http://www.moneycontrol.com/india/stockpricequote/powergenerationdistribution/cesc/CES,12121.02,13.92,1070.79,100.0,1,11.31,65.71,9.3,0.85,1.09,10.0,powergenerationdistribution,CES,cesc
91,http://www.moneycontrol.com/india/stockpricequote/electricals/cromptongreavesconsumerelectrical/CGC01,14203.53,43.83,13.77,87.5,1,46.21,5.17,42.2,16.46,0.77,2.0,electricals,CGC01,cromptongreavesconsumerelectrical
93,http://www.moneycontrol.com/india/stockpricequote/fertilisers/chambalfertiliserschemicals/CFC,6449.14,13.43,72.45,19.0,1,13.56,11.54,11.87,2.14,1.23,10.0,fertilisers,CFC,chambalfertiliserschemicals
94,http://www.moneycontrol.com/india/stockpricequote/refineries/chennaipetroleumcorporation/CPC02,4504.57,4.93,283.84,210.0,1,7.49,61.31,3.59,1.07,6.94,10.0,refineries,CPC02,chennaipetroleumcorporation
95,http://www.moneycontrol.com/india/stockpricequote/financeleasinghirepurchase/cholamandalaminvestmentfinancecompany/CDB,23651.96,24.28,338.16,55.0,1,34.92,62.31,23.1,4.47,0.36,10.0,financeleasinghirepurchase,CDB,cholamandalaminvestmentfinancecompany
96,http://www.moneycontrol.com/india/stockpricequote/pharmaceuticals/cipla/C,49720.56,33.85,177.21,100.0,1,28.83,18.24,24.88,3.48,0.32,2.0,pharmaceuticals,C,cipla
97,http://www.moneycontrol.com/india/stockpricequote/banksprivatesector/cityunionbank/CUB,12262.45,20.71,53.44,30.0,1,32.65,8.9,20.71,3.45,0.16,1.0,banksprivatesector,CUB,cityunionbank
98,http://www.moneycontrol.com/india/stockpricequote/miningminerals/coalindia/CI11,164123.9,17.66,37.4,199.0,1,14.25,14.97,17.63,7.07,7.53,10.0,miningminerals,CI11,coalindia
100,http://www.moneycontrol.com/india/stockpricequote/personalcare/colgatepalmoliveindia/CPI,32094.3,47.66,71.59,1000.0,1,66.93,24.76,38.68,16.48,0.85,1.0,personalcare,CPI,colgatepalmoliveindia
101,http://www.moneycontrol.com/india/stockpricequote/transportlogistics/containercorporationindia/CCI,31710.12,30.23,166.3,171.0,1,25.11,21.52,21.99,3.91,1.31,5.0,transportlogistics,CCI,containercorporationindia
102,http://www.moneycontrol.com/india/stockpricequote/fertilisers/coromandelinternational/CI45,11474.32,17.4,118.72,500.0,1,13.56,22.55,15.17,3.31,1.27,1.0,fertilisers,CI45,coromandelinternational
104,http://www.moneycontrol.com/india/stockpricequote/miscellaneous/coxkings/CK,3654.01,20.76,171.74,20.0,1,20.7,9.97,17.66,1.21,0.48,5.0,miscellaneous,CK,coxkings
105,http://www.moneycontrol.com/india/stockpricequote/miscellaneous/crisil/CRI,12972.28,54.48,113.04,2800.0,1,38.62,33.16,48.65,15.98,1.55,1.0,miscellaneous,CRI,crisil
106,http://www.moneycontrol.com/india/stockpricequote/engines/cumminsindia/CI02,17993.05,25.4,160.56,700.0,1,24.01,25.56,22.43,4.04,2.16,2.0,engines,CI02,cumminsindia
107,http://www.moneycontrol.com/india/stockpricequote/computerssoftware/cyient/IE07,8714.19,21.69,202.3,210.0,1,22.18,35.59,19.25,3.82,1.36,5.0,computerssoftware,IE07,cyient
108,http://www.moneycontrol.com/india/stockpricequote/personalcare/daburindia/DI,69043.28,64.4,23.93,750.0,1,66.93,6.07,58.78,16.34,1.92,1.0,personalcare,DI,daburindia
109,http://www.moneycontrol.com/india/stockpricequote/cementmajor/dalmiabharat/DBE,20372.87,227.15,166.2,0.0,1,82.32,10.06,214.17,13.75,,2.0,cementmajor,DBE,dalmiabharat
110,http://www.moneycontrol.com/india/stockpricequote/mediaentertainment/dbcorp/C13,4728.6,14.57,86.87,40.0,1,14.79,17.63,11.35,2.96,1.56,10.0,mediaentertainment,C13,dbcorp
111,http://www.moneycontrol.com/india/stockpricequote/banksprivatesector/dcbbank/DCB01,5089.26,20.74,82.81,7.5,1,32.65,7.95,17.03,1.99,0.45,10.0,banksprivatesector,DCB01,dcbbank
112,http://www.moneycontrol.com/india/stockpricequote/diversified/dcmshriram/DCM02,4803.46,6.98,198.77,290.0,1,21.24,42.39,5.81,1.49,1.96,2.0,diversified,DCM02,dcmshriram
113,http://www.moneycontrol.com/india/stockpricequote/fertilisers/deepakfertilizerspetrochemicalscoprn/DFP,2366.54,22.06,208.9,60.0,1,13.56,12.16,15.01,1.28,2.24,10.0,fertilisers,DFP,deepakfertilizerspetrochemicalscoprn
114,http://www.moneycontrol.com/india/stockpricequote/constructioncontractingrealestate/deltacorp/DC11,5803.78,55.46,39.69,35.0,1,37.91,3.91,48.73,5.46,0.16,1.0,constructioncontractingrealestate,DC11,deltacorp
117,http://www.moneycontrol.com/india/stockpricequote/financehousing/dewanhousingfinancecorporation/DHF,19962.82,17.03,280.42,55.0,1,24.02,37.37,16.64,2.27,0.86,10.0,financehousing,DHF,dewanhousingfinancecorporation
118,http://www.moneycontrol.com/india/stockpricequote/pesticidesagrochemicals/dhanukaagritech/DA01,2759.43,21.87,131.63,30.0,1,36.35,25.71,19.66,4.27,0.11,2.0,pesticidesagrochemicals,DA01,dhanukaagritech
119,http://www.moneycontrol.com/india/stockpricequote/constructioncontractingcivil/dilipbuildcon/DB04,9076.73,14.63,180.83,10.0,1,28.23,45.35,10.14,3.67,0.15,10.0,constructioncontractingcivil,DB04,dilipbuildcon
121,http://www.moneycontrol.com/india/stockpricequote/pharmaceuticals/divislaboratories/DL03,27564.93,31.7,236.51,500.0,1,28.83,32.76,27.24,4.39,0.96,2.0,pharmaceuticals,DL03,divislaboratories
122,http://www.moneycontrol.com/india/stockpricequote/constructioncontractingrealestate/dlf/D04,33656.76,92.02,84.46,100.0,1,28.23,2.05,67.62,2.23,1.06,2.0,constructioncontractingrealestate,D04,dlf
123,http://www.moneycontrol.com/india/stockpricequote/pharmaceuticals/drlalpathlabs/DLP01,7958.71,47.37,95.18,30.0,1,50.7,20.16,39.99,10.03,0.31,10.0,pharmaceuticals,DLP01,drlalpathlabs
124,http://www.moneycontrol.com/india/stockpricequote/pharmaceuticals/drreddyslaboratories/DRL,37075.1,65.39,698.95,400.0,1,28.83,34.16,27.65,3.2,0.9,5.0,pharmaceuticals,DRL,drreddyslaboratories
125,http://www.moneycontrol.com/india/stockpricequote/computerssoftwaremediumsmall/eclerxservices/eS06,5027.19,18.08,356.28,10.0,1,21.87,72.0,16.34,3.65,0.08,10.0,computerssoftwaremediumsmall,eS06,eclerxservices
126,http://www.moneycontrol.com/india/stockpricequote/financegeneral/edelweissfinancialservices/EC01,27389.72,192.56,36.36,135.0,1,34.92,1.54,186.51,8.16,0.46,1.0,financegeneral,EC01,edelweissfinancialservices
127,http://www.moneycontrol.com/india/stockpricequote/autolcvshcvs/eichermotors/EM,77820.04,45.43,2067.67,1000.0,1,34.71,628.46,40.21,13.81,0.35,10.0,autolcvshcvs,EM,eichermotors
128,http://www.moneycontrol.com/india/stockpricequote/sugar/eidparryindia/EID,4234.6,41.9,89.19,400.0,1,9.88,5.71,19.79,2.68,1.67,1.0,sugar,EID,eidparryindia
129,http://www.moneycontrol.com/india/stockpricequote/hotels/eih/EIH,9696.68,86.56,46.74,45.0,1,65.7,1.96,43.84,3.63,0.53,2.0,hotels,EIH,eih
130,http://www.moneycontrol.com/india/stockpricequote/compressors/elgiequipments/EE01,4275.1,55.63,38.98,100.0,1,31.51,4.85,37.73,6.92,0.37,1.0,compressors,EE01,elgiequipments
131,http://www.moneycontrol.com/india/stockpricequote/personalcare/emami/E06,23963.24,77.4,44.55,700.0,1,66.93,6.82,38.99,11.85,1.33,1.0,personalcare,E06,emami
132,http://www.moneycontrol.com/india/stockpricequote/auto23wheelers/endurancetechnologies/ET01,17592.7,64.77,130.43,25.0,1,36.84,19.31,39.87,9.59,0.2,10.0,auto23wheelers,ET01,endurancetechnologies
133,http://www.moneycontrol.com/india/stockpricequote/infrastructuregeneral/engineersindia/EI14,7835.7,20.74,49.58,60.0,1,27.19,5.98,19.5,2.5,2.42,5.0,infrastructuregeneral,EI14,engineersindia
134,http://www.moneycontrol.com/india/stockpricequote/mediaentertainment/entertainmentnetworkindia/ENI,3349.32,95.2,186.66,10.0,1,33.06,7.38,33.96,3.76,0.14,10.0,mediaentertainment,ENI,entertainmentnetworkindia
135,http://www.moneycontrol.com/india/stockpricequote/financegeneral/equitasholdings/EH03,4633.52,849.69,49.4,0.0,1,34.92,0.16,755.28,2.75,,10.0,financegeneral,EH03,equitasholdings
136,http://www.moneycontrol.com/india/stockpricequote/mediaentertainment/erosinternationalmedia/EIM,1112.75,14.44,142.12,0.0,1,33.06,8.1,13.39,0.82,,10.0,mediaentertainment,EIM,erosinternationalmedia
137,http://www.moneycontrol.com/india/stockpricequote/autotractors/escorts/E,10666.64,30.95,190.56,15.0,1,27.89,28.12,25.56,4.57,0.17,10.0,autotractors,E,escorts
138,http://www.moneycontrol.com/india/stockpricequote/packaging/esselpropack/EP11,3696.91,45.58,20.83,120.0,1,22.08,2.58,24.65,5.65,2.04,2.0,packaging,EP11,esselpropack
139,http://www.moneycontrol.com/india/stockpricequote/drycells/evereadyindustriesindia/EII02,1643.46,30.03,47.36,20.0,1,19.3,7.53,22.21,4.77,0.44,5.0,drycells,EII02,evereadyindustriesindia
140,http://www.moneycontrol.com/india/stockpricequote/autoancillaries/exideindustries/EI,21947.0,32.85,66.26,240.0,1,30.16,7.86,24.0,3.9,0.93,1.0,autoancillaries,EI,exideindustries
141,http://www.moneycontrol.com/india/stockpricequote/pharmaceuticals/fdc/FDC,3930.17,23.35,82.09,225.0,1,28.83,9.65,19.33,2.75,1.0,1.0,pharmaceuticals,FDC,fdc
142,http://www.moneycontrol.com/india/stockpricequote/banksprivatesector/federalbank/FB,16038.54,18.27,45.47,45.0,1,32.65,4.44,18.27,1.78,1.11,2.0,banksprivatesector,FB,federalbank
143,http://www.moneycontrol.com/india/stockpricequote/cablestelephone/finolexcables/FC01,8906.42,24.87,146.18,150.0,1,28.67,23.42,22.16,3.98,0.52,2.0,cablestelephone,FC01,finolexcables
144,http://www.moneycontrol.com/india/stockpricequote/petrochemicals/finolexindustries/FI,7249.65,24.28,208.71,115.0,1,25.73,24.06,20.19,2.8,1.97,10.0,petrochemicals,FI,finolexindustries
145,http://www.moneycontrol.com/india/stockpricequote/computerssoftwaremediumsmall/firstsourcesolutions/FS07,4846.45,25.23,29.15,0.0,1,21.87,2.79,22.71,2.42,,10.0,computerssoftwaremediumsmall,FS07,firstsourcesolutions
146,http://www.moneycontrol.com/india/stockpricequote/autolcvshcvs/forcemotors/FM01,3335.64,22.7,1375.47,100.0,1,34.71,111.53,12.08,1.84,0.4,10.0,autolcvshcvs,FM01,forcemotors
148,http://www.moneycontrol.com/india/stockpricequote/foodprocessing/futureconsumer/FVI,9568.17,294.12,6.78,0.0,1,37.91,0.17,166.67,7.37,,6.0,foodprocessing,FVI,futureconsumer
149,http://www.moneycontrol.com/india/stockpricequote/retail/futurelifestylefashions/FLF01,8404.15,76.08,91.76,40.0,1,76.05,5.68,32.35,4.71,0.19,2.0,retail,FLF01,futurelifestylefashions
150,http://www.moneycontrol.com/india/stockpricequote/retail/futureretail/FR,28801.01,1397.93,51.17,0.0,1,145.89,0.41,389.9,11.2,,2.0,retail,FR,futureretail
151,http://www.moneycontrol.com/india/stockpricequote/oildrillingandexploration/gailindia/GAI,76706.24,16.61,169.17,112.0,1,11.19,20.48,12.71,2.01,3.29,10.0,oildrillingandexploration,GAI,gailindia
152,http://www.moneycontrol.com/india/stockpricequote/miscellaneous/gatewaydistriparks/GD01,1945.14,51.11,74.05,70.0,1,37.91,3.5,31.22,2.42,3.91,10.0,miscellaneous,GD01,gatewaydistriparks
153,http://www.moneycontrol.com/india/stockpricequote/couriers/gati/G04,825.34,23.93,58.33,40.0,1,53.64,3.18,20.96,1.3,1.05,2.0,couriers,G04,gati
154,http://www.moneycontrol.com/india/stockpricequote/constructioncontractingcivil/gayatriprojects/GP10,3041.98,16.17,49.74,0.0,1,28.23,10.05,12.53,3.27,,2.0,constructioncontractingcivil,GP10,gayatriprojects
155,http://www.moneycontrol.com/india/stockpricequote/powertransmissionequipment/gepowerindia/AP29,5318.7,200.29,127.48,30.0,1,13.5,3.95,68.74,6.21,0.38,10.0,powertransmissionequipment,AP29,gepowerindia
156,http://www.moneycontrol.com/india/stockpricequote/shipping/greateasternshippingcompany/GES,4260.96,26.61,352.99,101.0,1,16.98,10.62,6.54,0.8,3.57,10.0,shipping,GES,greateasternshippingcompany
157,http://www.moneycontrol.com/india/stockpricequote/powertransmissionequipment/getdindia/ATD,7413.83,35.53,48.49,90.0,1,13.5,8.15,24.83,5.97,0.62,2.0,powertransmissionequipment,ATD,getdindia
158,http://www.moneycontrol.com/india/stockpricequote/financehousing/gichousingfinance/GIC,1896.9,10.28,189.9,50.0,1,24.02,34.25,10.25,1.85,1.42,10.0,financehousing,GIC,gichousingfinance
159,http://www.moneycontrol.com/india/stockpricequote/personalcare/gilletteindia/GI22,20987.98,90.42,153.63,1640.0,1,66.93,71.23,77.6,41.93,2.55,10.0,personalcare,GI22,gilletteindia
160,http://www.moneycontrol.com/india/stockpricequote/foodprocessing/glaxosmithklineconsumerhealthcare/GSC04,27438.93,39.19,908.98,700.0,1,64.8,166.47,35.89,7.18,1.07,10.0,foodprocessing,GSC04,glaxosmithklineconsumerhealthcare
161,http://www.moneycontrol.com/india/stockpricequote/pharmaceuticals/glaxosmithklinepharmaceuticals/GSK,23768.51,67.54,245.56,350.0,1,28.83,41.55,60.95,11.43,1.25,10.0,pharmaceuticals,GSK,glaxosmithklinepharmaceuticals
162,http://www.moneycontrol.com/india/stockpricequote/pharmaceuticals/glenmarkpharma/GP08,16439.12,16.21,370.38,200.0,1,28.83,35.95,14.51,1.57,0.34,1.0,pharmaceuticals,GP08,glenmarkpharma
164,http://www.moneycontrol.com/india/stockpricequote/fertilisers/gujaratnarmadavalleyfertilizerschemicals/GNV,6236.18,7.9,295.4,50.0,1,13.56,50.8,5.88,1.36,1.25,10.0,fertilisers,GNV,gujaratnarmadavalleyfertilizerschemicals
165,http://www.moneycontrol.com/india/stockpricequote/cigarettes/godfreyphillipsindia/GPI,3766.18,23.43,337.08,400.0,1,28.8,30.92,14.69,2.15,1.1,2.0,cigarettes,GPI,godfreyphillipsindia
166,http://www.moneycontrol.com/india/stockpricequote/personalcare/godrejconsumerproducts/GCP,83456.05,83.44,64.55,1500.0,1,66.93,14.68,78.52,18.98,1.22,1.0,personalcare,GCP,godrejconsumerproducts
167,http://www.moneycontrol.com/india/stockpricequote/personalcare/godrejindustries/GI23,21124.72,87.47,55.2,175.0,1,66.93,7.18,68.11,11.38,0.28,1.0,personalcare,GI23,godrejindustries
168,http://www.moneycontrol.com/india/stockpricequote/constructioncontractingrealestate/godrejproperties/GP11,16461.8,78.28,95.58,0.0,1,28.23,9.17,73.18,7.51,,5.0,constructioncontractingrealestate,GP11,godrejproperties
169,http://www.moneycontrol.com/india/stockpricequote/pharmaceuticals/granulesindia/GI25,2045.45,14.69,40.38,25.0,1,28.83,5.48,9.52,1.99,0.31,1.0,pharmaceuticals,GI25,granulesindia
170,http://www.moneycontrol.com/india/stockpricequote/diversified/grasimindustries/GI01,66139.22,37.39,247.41,275.0,1,21.24,26.9,27.6,4.07,0.55,2.0,diversified,GI01,grasimindustries
171,http://www.moneycontrol.com/india/stockpricequote/engines/greavescotton/GC20,3528.79,17.41,46.01,275.0,1,24.01,8.3,13.84,3.14,3.81,2.0,engines,GC20,greavescotton
172,http://www.moneycontrol.com/india/stockpricequote/miscellaneous/greenplyindustries/GI19,2907.5,21.42,75.25,60.0,1,27.35,11.07,16.11,3.15,0.25,1.0,miscellaneous,GI19,greenplyindustries
173,http://www.moneycontrol.com/india/stockpricequote/abrasives/grindwellnorton/GN,5665.54,38.5,93.18,80.0,1,39.14,13.29,29.92,5.49,0.78,5.0,abrasives,GN,grindwellnorton
174,http://www.moneycontrol.com/india/stockpricequote/financehousing/gruhfinance/GRU,22301.61,61.47,18.88,165.0,1,24.02,4.96,60.98,16.15,1.08,2.0,financehousing,GRU,gruhfinance
175,http://www.moneycontrol.com/india/stockpricequote/fertilisers/gujaratstatefertilizerschemicals/GSF,4182.02,8.79,176.95,110.0,1,13.56,11.94,7.03,0.59,2.1,2.0,fertilisers,GSF,gujaratstatefertilizerschemicals
176,http://www.moneycontrol.com/india/stockpricequote/chemicals/gujaratalkalieschemicals/GAC01,3924.1,7.33,529.95,50.0,1,9.24,72.85,5.92,1.01,0.94,10.0,chemicals,GAC01,gujaratalkalieschemicals
177,http://www.moneycontrol.com/india/stockpricequote/chemicals/gujaratfluorochemicals/GF07,8137.69,16.7,320.78,350.0,1,22.75,44.36,12.73,2.31,0.47,1.0,chemicals,GF07,gujaratfluorochemicals
178,http://www.moneycontrol.com/india/stockpricequote/chemicals/gujaratheavychemicals/GHC,2660.14,7.3,166.48,50.0,1,9.24,37.41,5.61,1.64,1.83,10.0,chemicals,GHC,gujaratheavychemicals
179,http://www.moneycontrol.com/india/stockpricequote/miningminerals/gujaratmineraldevelopmentcorporation/GMD,3378.75,7.77,138.68,150.0,1,14.25,13.67,6.18,0.77,2.82,2.0,miningminerals,GMD,gujaratmineraldevelopmentcorporation
180,http://www.moneycontrol.com/india/stockpricequote/oildrillingandexploration/gujaratstatepetronet/GSP02,10109.54,15.12,91.6,15.0,1,15.43,11.86,11.99,1.96,0.84,10.0,oildrillingandexploration,GSP02,gujaratstatepetronet
181,http://www.moneycontrol.com/india/stockpricequote/oildrillingandexploration/gujaratgas/GGC,10080.78,34.6,140.64,30.0,1,24.57,21.16,17.9,5.21,0.41,10.0,oildrillingandexploration,GGC,gujaratgas
182,http://www.moneycontrol.com/india/stockpricequote/shipping/gujaratpipavavport/GPP03,5097.87,25.66,45.88,38.0,1,18.42,4.11,16.87,2.3,3.6,10.0,shipping,GPP03,gujaratpipavavport
183,http://www.moneycontrol.com/india/stockpricequote/lubricants/gulfoillubricantsindia/GOL01,4229.21,26.68,103.07,425.0,1,25.3,31.9,25.03,8.26,1.0,2.0,lubricants,GOL01,gulfoillubricantsindia
184,http://www.moneycontrol.com/india/stockpricequote/mediaentertainment/hathwaycabledatacom/HCD,2055.47,26.33,12.71,0.0,1,33.06,0.94,11.73,1.95,,2.0,mediaentertainment,HCD,hathwaycabledatacom
185,http://www.moneycontrol.com/india/stockpricequote/foodprocessing/hatsunagroproducts/HAP,9973.97,109.77,59.73,400.0,1,64.8,5.62,37.71,10.33,0.65,1.0,foodprocessing,HAP,hatsunagroproducts
186,http://www.moneycontrol.com/india/stockpricequote/electricequipment/havellsindia/HI01,33944.41,47.65,59.78,400.0,1,46.21,11.39,39.85,9.08,0.74,1.0,electricequipment,HI01,havellsindia
188,http://www.moneycontrol.com/india/stockpricequote/computerssoftware/hcltechnologies/HCL02,129062.18,17.53,186.49,600.0,1,22.18,52.87,15.63,4.97,1.29,2.0,computerssoftware,HCL02,hcltechnologies
189,http://www.moneycontrol.com/india/stockpricequote/financehousing/housingdevelopmentfinancecorporation/HDF,320813.23,26.36,235.51,900.0,1,24.02,72.37,26.25,8.1,0.94,2.0,financehousing,HDF,housingdevelopmentfinancecorporation
190,http://www.moneycontrol.com/india/stockpricequote/banksprivatesector/hdfcbank/HDF01,548969.5,31.39,408.18,650.0,1,32.65,67.15,29.85,5.16,0.62,2.0,banksprivatesector,HDF01,hdfcbank
191,http://www.moneycontrol.com/india/stockpricequote/constructioncontractingrealestate/housingdevelopmentinfrastructure/HDI,898.39,9.41,263.04,0.0,1,28.23,2.2,8.81,0.08,,10.0,constructioncontractingrealestate,HDI,housingdevelopmentinfrastructure
192,http://www.moneycontrol.com/india/stockpricequote/cementmajor/heidelbergcementindia/HCI02,3160.12,23.72,48.55,0.0,1,35.64,5.88,13.49,2.87,,10.0,cementmajor,HCI02,heidelbergcementindia
193,http://www.moneycontrol.com/india/stockpricequote/foodprocessing/heritagefoods/HFI,2830.97,54.38,78.42,40.0,1,64.8,11.22,31.8,7.78,0.33,5.0,foodprocessing,HFI,heritagefoods
194,http://www.moneycontrol.com/india/stockpricequote/auto23wheelers/heromotocorp/HHM,69340.82,18.75,691.43,4250.0,1,21.21,185.14,16.3,5.02,2.45,2.0,auto23wheelers,HHM,heromotocorp
195,http://www.moneycontrol.com/india/stockpricequote/computerssoftware/hexawaretechnologies/HT02,13632.66,32.99,51.93,200.0,1,22.18,13.92,29.48,8.84,0.87,2.0,computerssoftware,HT02,hexawaretechnologies
196,http://www.moneycontrol.com/india/stockpricequote/telecommunicationsequipment/himachalfuturisticcommunication/HFC,3588.0,23.16,9.67,0.0,1,33.19,1.25,20.98,2.99,,1.0,telecommunicationsequipment,HFC,himachalfuturisticcommunication
197,http://www.moneycontrol.com/india/stockpricequote/textilessyntheticsilk/himatsingkaseide/HS,2835.57,13.76,129.27,50.0,1,11.47,20.93,10.85,2.23,0.87,5.0,textilessyntheticsilk,HS,himatsingkaseide
198,http://www.moneycontrol.com/india/stockpricequote/constructioncontractingcivil/hindustanconstructioncompany/HCC,1240.9,16.08,27.33,0.0,1,28.23,0.76,6.2,0.45,,1.0,constructioncontractingcivil,HCC,hindustanconstructioncompany
199,http://www.moneycontrol.com/india/stockpricequote/metalsnonferrous/hindustancopper/HC07,5764.11,72.44,16.72,0.0,1,19.18,0.86,23.6,3.73,,5.0,metalsnonferrous,HC07,hindustancopper
200,http://www.moneycontrol.com/india/stockpricequote/metalsnonferrous/hindustanzinc/HZ,116513.17,12.72,94.86,1470.0,1,12.56,21.67,10.95,2.91,10.66,2.0,metalsnonferrous,HZ,hindustanzinc
201,http://www.moneycontrol.com/india/stockpricequote/aluminium/hindalcoindustries/HI,51726.0,36.0,210.84,110.0,1,23.07,6.4,16.94,1.09,0.48,1.0,aluminium,HI,hindalcoindustries
202,http://www.moneycontrol.com/india/stockpricequote/telecommunicationsequipment/honeywellautomation/HA04,16179.99,64.79,1617.38,100.0,1,36.9,282.45,61.07,11.31,0.05,10.0,telecommunicationsequipment,HA04,honeywellautomation
203,http://www.moneycontrol.com/india/stockpricequote/refineries/hindustanpetroleumcorporation/HPC,39482.24,6.21,120.46,300.0,1,7.49,41.72,4.33,2.15,11.58,10.0,refineries,HPC,hindustanpetroleumcorporation
204,http://www.moneycontrol.com/india/stockpricequote/ceramicsgranite/hsil/HSI02,2436.03,32.59,210.91,200.0,1,23.33,10.34,12.91,1.6,1.19,2.0,ceramicsgranite,HSI02,hsil
205,http://www.moneycontrol.com/india/stockpricequote/personalcare/hindustanunilever/HU,355400.4,67.87,32.69,2000.0,1,66.93,24.19,62.19,50.22,1.22,1.0,personalcare,HU,hindustanunilever
206,http://www.moneycontrol.com/india/stockpricequote/banksprivatesector/icicibank/ICI02,177195.46,26.14,150.67,125.0,1,32.65,10.54,26.14,1.83,0.91,2.0,banksprivatesector,ICI02,icicibank
207,http://www.moneycontrol.com/india/stockpricequote/financegeneral/iciciprudentiallifeinsurancecompany/IPL01,54156.31,33.44,47.81,78.0,1,54.92,11.28,33.44,7.89,2.07,10.0,financegeneral,IPL01,iciciprudentiallifeinsurancecompany
208,http://www.moneycontrol.com/india/stockpricequote/miscellaneous/icra/ICR,3258.33,32.48,559.34,270.0,1,38.62,101.3,31.64,5.88,0.82,10.0,miscellaneous,ICR,icra
211,http://www.moneycontrol.com/india/stockpricequote/financetermlendinginstitutions/idfc/IDF,7391.12,49.78,61.38,0.0,1,5.28,0.93,48.23,0.75,,10.0,financetermlendinginstitutions,IDF,idfc
212,http://www.moneycontrol.com/india/stockpricequote/banksprivatesector/idfcbank/IDF01,13241.98,15.44,45.65,7.5,1,32.65,2.52,12.97,0.85,1.93,10.0,banksprivatesector,IDF01,idfcbank
214,http://www.moneycontrol.com/india/stockpricequote/oildrillingandexploration/indraprasthagas/IG04,17776.52,26.51,51.39,85.0,1,31.13,9.58,20.87,4.94,0.67,2.0,oildrillingandexploration,IG04,indraprasthagas
215,http://www.moneycontrol.com/india/stockpricequote/financegeneral/iiflholdings/II15,21375.37,104.52,47.01,225.0,1,34.92,6.41,104.36,14.25,0.67,2.0,financegeneral,II15,iiflholdings
216,http://www.moneycontrol.com/india/stockpricequote/infrastructuregeneral/ilandfstransportationnetworks/ITN,1296.1,5.15,93.66,20.0,1,25.11,7.65,4.73,0.42,5.08,10.0,infrastructuregeneral,ITN,ilandfstransportationnetworks
217,http://www.moneycontrol.com/india/stockpricequote/cementmajor/indiacements/IC,3269.11,32.52,165.25,10.0,1,35.64,3.25,9.17,0.64,0.95,10.0,cementmajor,IC,indiacements
218,http://www.moneycontrol.com/india/stockpricequote/financehousing/indiabullshousingfinance/IHF01,48546.26,13.61,361.84,1350.0,1,34.92,83.61,13.51,3.15,2.37,2.0,financehousing,IHF01,indiabullshousingfinance
220,http://www.moneycontrol.com/india/stockpricequote/financeinvestments/indiabullsventures/IS13,29453.41,566.1,38.01,50.0,1,34.92,0.86,547.02,12.81,0.21,2.0,financeinvestments,IS13,indiabullsventures
221,http://www.moneycontrol.com/india/stockpricequote/bankspublicsector/indianbank/IB04,16185.83,12.86,329.53,0.0,1,11.67,26.21,10.82,1.02,,10.0,bankspublicsector,IB04,indianbank
222,http://www.moneycontrol.com/india/stockpricequote/hotels/indianhotelscompany/IHC,15698.21,109.09,34.48,40.0,1,65.7,1.21,53.01,3.83,0.3,1.0,hotels,IHC,indianhotelscompany
223,http://www.moneycontrol.com/india/stockpricequote/textilesspinningcottonblended/indocountindustries/ICI07,1223.88,9.34,48.51,40.0,1,13.57,6.64,7.58,1.28,1.29,2.0,textilesspinningcottonblended,ICI07,indocountindustries
224,http://www.moneycontrol.com/india/stockpricequote/pharmaceuticals/indocoremedies/IR05,1679.9,40.78,75.21,80.0,1,28.83,4.47,15.42,2.42,0.88,2.0,pharmaceuticals,IR05,indocoremedies
225,http://www.moneycontrol.com/india/stockpricequote/banksprivatesector/indusindbank/IIB,116442.94,32.29,397.45,60.0,1,32.65,60.06,32.29,4.88,0.31,10.0,banksprivatesector,IIB,indusindbank
226,http://www.moneycontrol.com/india/stockpricequote/miscellaneous/infibeamincorporation/IIL03,10125.19,1018.67,12.54,0.0,1,751.13,0.15,191.0,12.19,,1.0,miscellaneous,IIL03,infibeamincorporation
227,http://www.moneycontrol.com/india/stockpricequote/miscellaneous/infoedgeindia/IEI01,14447.06,79.21,177.69,45.0,1,37.91,14.96,70.83,6.67,0.38,10.0,miscellaneous,IEI01,infoedgeindia
228,http://www.moneycontrol.com/india/stockpricequote/computerssoftware/infosys/IT,285410.81,17.67,290.74,515.0,1,22.18,73.97,16.25,4.49,1.97,5.0,computerssoftware,IT,infosys
229,http://www.moneycontrol.com/india/stockpricequote/compressors/ingersollrandindia/IRI01,1688.89,19.0,364.43,60.0,1,31.51,28.16,16.64,1.47,1.12,10.0,compressors,IRI01,ingersollrandindia
230,http://www.moneycontrol.com/india/stockpricequote/mediaentertainment/inoxleisure/INO01,2501.15,21.81,72.59,0.0,1,33.06,11.89,12.42,3.57,,10.0,mediaentertainment,INO01,inoxleisure
232,http://www.moneycontrol.com/india/stockpricequote/computerssoftware/intellectdesignarena/IDA,2434.72,74.12,55.75,0.0,1,22.18,2.61,41.96,3.47,,5.0,computerssoftware,IDA,intellectdesignarena
233,http://www.moneycontrol.com/india/stockpricequote/transportlogistics/interglobeaviation/IA04,41785.02,18.64,157.24,340.0,1,17.26,58.33,15.6,6.91,3.13,10.0,transportlogistics,IA04,interglobeaviation
235,http://www.moneycontrol.com/india/stockpricequote/refineries/indianoilcorporation/IOC,151455.68,7.1,102.81,190.0,1,7.49,21.98,5.33,1.52,12.18,10.0,refineries,IOC,indianoilcorporation
236,http://www.moneycontrol.com/india/stockpricequote/pharmaceuticals/ipcalaboratories/IL,8801.06,37.75,214.34,50.0,1,28.83,18.45,21.6,3.25,0.14,2.0,pharmaceuticals,IL,ipcalaboratories
237,http://www.moneycontrol.com/india/stockpricequote/infrastructuregeneral/irbinfrastructuredevelopers/IID01,7417.35,16.7,83.92,50.0,1,28.23,12.64,16.7,2.51,2.37,10.0,infrastructuregeneral,IID01,irbinfrastructuredevelopers
238,http://www.moneycontrol.com/india/stockpricequote/engineeringheavy/isgecheavyengineering/SIS06,3772.95,31.71,1692.49,300.0,1,21.24,161.81,20.27,3.03,0.58,10.0,engineeringheavy,SIS06,isgecheavyengineering
239,http://www.moneycontrol.com/india/stockpricequote/cigarettes/itc/ITC,324695.27,28.92,42.12,515.0,1,28.8,9.2,26.26,6.32,1.94,1.0,cigarettes,ITC,itc
240,http://www.moneycontrol.com/india/stockpricequote/constructioncontractingcivil/itdcementationindia/ITD03,2178.27,25.77,36.03,40.0,1,28.23,4.92,15.6,3.52,0.32,1.0,constructioncontractingcivil,ITD03,itdcementationindia
241,http://www.moneycontrol.com/india/stockpricequote/constructioncontractingcivil/jkumarinfraprojects/KI01,1702.47,12.47,201.62,40.0,1,28.23,18.05,8.13,1.12,0.89,5.0,constructioncontractingcivil,KI01,jkumarinfraprojects
242,http://www.moneycontrol.com/india/stockpricequote/cementmajor/jkcement/JKC03,6096.61,17.83,323.51,80.0,1,35.64,48.89,11.54,2.69,0.92,10.0,cementmajor,JKC03,jkcement
243,http://www.moneycontrol.com/india/stockpricequote/mediaentertainment/jagranprakashan/JP12,4221.19,15.87,62.08,150.0,1,14.79,8.54,12.11,2.18,2.21,2.0,mediaentertainment,JP12,jagranprakashan
244,http://www.moneycontrol.com/india/stockpricequote/steelgpgcsheets/jaicorp/JC08,2583.95,105.69,62.13,50.0,1,56.76,1.37,64.93,2.33,0.35,1.0,steelgpgcsheets,JC08,jaicorp
245,http://www.moneycontrol.com/india/stockpricequote/plastics/jainirrigationsystems/JIS02,3824.5,13.61,92.69,37.5,1,13.61,5.66,8.11,0.83,0.97,2.0,plastics,JIS02,jainirrigationsystems
246,http://www.moneycontrol.com/india/stockpricequote/infrastructuregeneral/jaiprakashassociates/JA02,3904.09,11.07,32.52,0.0,1,28.23,1.45,4.55,0.49,,2.0,infrastructuregeneral,JA02,jaiprakashassociates
247,http://www.moneycontrol.com/india/stockpricequote/pharmaceuticals/jbchemicalspharmaceuticals/JBC01,2156.94,16.85,181.36,50.0,1,28.83,15.32,11.73,1.42,0.39,2.0,pharmaceuticals,JBC01,jbchemicalspharmaceuticals
250,http://www.moneycontrol.com/india/stockpricequote/steellarge/jindalstainlesshisar/JSH,3173.32,8.02,53.31,0.0,1,9.98,16.77,4.79,2.52,,2.0,steellarge,JSH,jindalstainlesshisar
251,http://www.moneycontrol.com/india/stockpricequote/packaging/jindalpolyfilms/JPF01,940.09,64.67,422.11,10.0,1,22.08,3.32,8.06,0.51,0.47,10.0,packaging,JPF01,jindalpolyfilms
252,http://www.moneycontrol.com/india/stockpricequote/steeltubespipes/jindalsaw/JS08,2538.85,6.58,186.07,50.0,1,17.39,12.07,3.95,0.43,1.26,2.0,steeltubespipes,JS08,jindalsaw
254,http://www.moneycontrol.com/india/stockpricequote/banksprivatesector/jammukashmirbank/JKB,2828.84,13.96,105.64,0.0,1,32.65,3.64,13.96,0.48,,1.0,banksprivatesector,JKB,jammukashmirbank
255,http://www.moneycontrol.com/india/stockpricequote/cementmajor/jklakshmicement/JKL01,3628.36,43.19,124.55,15.0,1,35.64,7.14,13.78,2.48,0.24,5.0,cementmajor,JKL01,jklakshmicement
256,http://www.moneycontrol.com/india/stockpricequote/tyres/jktyreindustries/JKT01,2764.86,64.16,75.7,125.0,1,25.91,1.9,12.67,1.61,2.05,2.0,tyres,JKT01,jktyreindustries
257,http://www.moneycontrol.com/india/stockpricequote/financeinvestments/jmfinancial/JMF,9729.16,71.54,28.33,180.0,1,34.92,1.62,71.1,4.09,1.55,1.0,financeinvestments,JMF,jmfinancial
258,http://www.moneycontrol.com/india/stockpricequote/consumergoodswhitegoods/johnsoncontrolshitachiairconditioningindia/HHL,6520.24,65.11,198.28,15.0,1,19.08,36.83,42.59,12.09,0.06,10.0,consumergoodswhitegoods,HHL,johnsoncontrolshitachiairconditioningindia
260,http://www.moneycontrol.com/india/stockpricequote/steellarge/jswsteel/JSW01,79067.28,17.1,118.58,225.0,1,16.58,19.13,10.3,2.76,0.69,1.0,steellarge,JSW01,jswsteel
261,http://www.moneycontrol.com/india/stockpricequote/miscellaneous/jubilantfoodworks/JF04,18309.38,88.71,80.22,25.0,1,64.8,15.64,50.54,17.29,0.18,10.0,miscellaneous,JF04,jubilantfoodworks
262,http://www.moneycontrol.com/india/stockpricequote/pharmaceuticals/jubilantlifesciences/JO03,11120.21,42.21,144.79,300.0,1,28.83,16.54,32.13,4.82,0.43,1.0,pharmaceuticals,JO03,jubilantlifesciences
263,http://www.moneycontrol.com/india/stockpricequote/miscellaneous/justdial/JD,3739.25,26.11,155.26,0.0,1,38.62,21.25,20.82,3.57,,10.0,miscellaneous,JD,justdial
264,http://www.moneycontrol.com/india/stockpricequote/personalcare/jyothylaboratories/JL,8615.22,53.61,22.39,500.0,1,66.93,4.42,39.69,10.58,2.11,1.0,personalcare,JL,jyothylaboratories
265,http://www.moneycontrol.com/india/stockpricequote/ceramicsgranite/kajariaceramics/KC06,7689.22,30.48,90.09,300.0,1,23.33,15.87,24.48,5.37,0.62,1.0,ceramicsgranite,KC06,kajariaceramics
266,http://www.moneycontrol.com/india/stockpricequote/powertransmissionequipment/kalpatarupowertransmission/KPT,6143.79,19.08,182.48,100.0,1,13.5,20.98,15.42,2.19,0.5,2.0,powertransmissionequipment,KPT,kalpatarupowertransmission
267,http://www.moneycontrol.com/india/stockpricequote/paintsvarnishes/kansainerolacpaints/KNP,23879.53,46.25,57.99,260.0,1,55.61,9.58,40.32,7.64,0.59,1.0,paintsvarnishes,KNP,kansainerolacpaints
268,http://www.moneycontrol.com/india/stockpricequote/banksprivatesector/karnatakabank/KB04,3097.03,9.51,181.91,40.0,1,32.65,11.52,9.51,0.6,3.65,10.0,banksprivatesector,KB04,karnatakabank
269,http://www.moneycontrol.com/india/stockpricequote/miscellaneous/kaveriseedcompany/KSC01,3704.13,17.61,186.67,0.0,1,24.28,31.83,15.85,3.0,,2.0,miscellaneous,KSC01,kaveriseedcompany
270,http://www.moneycontrol.com/india/stockpricequote/powertransmissionequipment/kecinternational/KEC04,8606.03,20.01,81.13,80.0,1,13.5,16.73,16.38,4.13,0.48,2.0,powertransmissionequipment,KEC04,kecinternational
272,http://www.moneycontrol.com/india/stockpricequote/engines/kirloskaroilengines/KOE03,3816.36,25.42,122.17,250.0,1,24.01,10.38,14.75,2.16,1.89,2.0,engines,KOE03,kirloskaroilengines
273,http://www.moneycontrol.com/india/stockpricequote/textilesreadymadeapparels/kitexgarments/KG01,986.2,14.08,68.52,150.0,1,48.29,10.53,10.56,2.16,1.01,1.0,textilesreadymadeapparels,KG01,kitexgarments
274,http://www.moneycontrol.com/india/stockpricequote/banksprivatesector/kotakmahindrabank/KMB,255764.78,62.61,196.64,14.0,1,32.65,21.43,58.29,6.82,0.05,5.0,banksprivatesector,KMB,kotakmahindrabank
275,http://www.moneycontrol.com/india/stockpricequote/computerssoftwaremediumsmall/kpittechnologies/KPI02,5361.1,30.19,78.67,110.0,1,22.18,8.99,21.44,3.45,0.81,2.0,computerssoftwaremediumsmall,KPI02,kpittechnologies
276,http://www.moneycontrol.com/india/stockpricequote/textilesreadymadeapparels/kprmill/M15,4723.79,21.0,181.75,15.0,1,48.29,30.44,14.32,3.52,0.12,5.0,textilesreadymadeapparels,M15,kprmill
277,http://www.moneycontrol.com/india/stockpricequote/foodprocessing/krbl/KRB01,7957.36,17.23,99.13,210.0,1,19.0,19.62,15.03,3.41,0.62,1.0,foodprocessing,KRB01,krbl
278,http://www.moneycontrol.com/india/stockpricequote/foodprocessing/kwality/KDI01,553.91,7.78,44.33,10.0,1,64.8,2.95,2.82,0.52,0.44,1.0,foodprocessing,KDI01,kwality
279,http://www.moneycontrol.com/india/stockpricequote/financeinvestments/ltfinanceholdings/LFH,30225.71,82.31,38.17,8.0,1,34.92,1.84,82.31,3.97,0.53,10.0,financeinvestments,LFH,ltfinanceholdings
280,http://www.moneycontrol.com/india/stockpricequote/computerssoftware/larsentoubroinfotech/LI12,28749.69,24.78,173.01,1655.0,1,22.18,67.42,22.97,9.66,0.99,1.0,computerssoftware,LI12,larsentoubroinfotech
281,http://www.moneycontrol.com/india/stockpricequote/computerssoftwaremediumsmall/lttechnologyservices/LTS,12452.99,25.45,197.26,350.0,1,27.31,47.76,22.76,6.16,0.58,2.0,computerssoftwaremediumsmall,LTS,lttechnologyservices
282,http://www.moneycontrol.com/india/stockpricequote/glassglassproducts/laopalarg/LOR,2645.13,36.0,24.65,100.0,1,40.05,6.62,30.32,9.67,0.84,2.0,glassglassproducts,LOR,laopalarg
283,http://www.moneycontrol.com/india/stockpricequote/textilesmachinery/lakshmimachineworks/LMW,8550.77,40.44,1571.49,400.0,1,21.24,192.98,30.3,4.97,0.51,10.0,textilesmachinery,LMW,lakshmimachineworks
285,http://www.moneycontrol.com/india/stockpricequote/infrastructuregeneral/larsentoubro/LT,178201.63,33.08,290.38,1050.0,1,21.24,38.43,21.68,4.38,1.65,2.0,infrastructuregeneral,LT,larsentoubro
286,http://www.moneycontrol.com/india/stockpricequote/pharmaceuticals/lauruslabs/LL05,4885.32,27.51,142.72,15.0,1,28.83,16.75,16.34,3.23,0.33,10.0,pharmaceuticals,LL05,lauruslabs
287,http://www.moneycontrol.com/india/stockpricequote/financehousing/lichousingfinance/LIC,23625.8,11.88,258.92,310.0,1,24.02,39.42,11.82,1.81,1.32,2.0,financehousing,LIC,lichousingfinance
288,http://www.moneycontrol.com/india/stockpricequote/chemicals/lindeindia/BOC,3620.32,181.41,165.06,10.0,1,31.13,2.34,16.01,2.57,0.24,10.0,chemicals,BOC,lindeindia
289,http://www.moneycontrol.com/india/stockpricequote/pharmaceuticals/lupin/L,40859.9,30.39,326.9,375.0,1,28.83,29.74,23.56,2.76,0.83,2.0,pharmaceuticals,L,lupin
290,http://www.moneycontrol.com/india/stockpricequote/autocarsjeeps/mahindramahindra/MM,111489.51,25.5,206.6,260.0,1,31.16,35.17,19.05,4.34,1.45,5.0,autocarsjeeps,MM,mahindramahindra
291,http://www.moneycontrol.com/india/stockpricequote/financeleasinghirepurchase/mahindramahindrafinancialservices/MMF04,28933.02,32.43,119.46,120.0,1,34.92,14.44,30.91,3.92,0.51,2.0,financeleasinghirepurchase,MMF04,mahindramahindrafinancialservices
292,http://www.moneycontrol.com/india/stockpricequote/financeleasinghirepurchase/magmafincorp/MF20,4361.1,21.54,83.44,40.0,1,34.92,7.52,17.34,1.94,0.49,2.0,financeleasinghirepurchase,MF20,magmafincorp
293,http://www.moneycontrol.com/india/stockpricequote/refineries/mahanagargas/MG02,8189.67,17.14,234.66,190.0,1,24.57,48.38,13.9,3.53,2.29,10.0,refineries,MG02,mahanagargas
294,http://www.moneycontrol.com/india/stockpricequote/castingsforgings/mahindracieautomotive/MF19,9755.18,106.93,92.45,0.0,1,44.13,2.41,58.44,2.79,,10.0,castingsforgings,MF19,mahindracieautomotive
295,http://www.moneycontrol.com/india/stockpricequote/hotels/mahindraholidaysresortsindia/MHR,3919.38,29.18,50.58,50.0,1,65.7,10.06,20.72,5.8,1.7,10.0,hotels,MHR,mahindraholidaysresortsindia
296,http://www.moneycontrol.com/india/stockpricequote/constructioncontractingcivil/mahindralifespacedevelopers/MLD,2861.6,53.86,331.3,60.0,1,28.23,10.35,50.13,1.68,1.08,10.0,constructioncontractingcivil,MLD,mahindralifespacedevelopers
297,http://www.moneycontrol.com/india/stockpricequote/financeleasinghirepurchase/manappuramfinance/MGF01,8315.84,11.88,47.61,100.0,1,34.92,8.31,10.93,2.07,2.03,2.0,financeleasinghirepurchase,MGF01,manappuramfinance
298,http://www.moneycontrol.com/india/stockpricequote/foodprocessing/manpasandbeverages/MB04,1706.63,17.14,100.78,10.0,1,46.13,8.7,9.16,1.48,0.67,10.0,foodprocessing,MB04,manpasandbeverages
299,http://www.moneycontrol.com/india/stockpricequote/personalcare/marico/M13,42656.61,59.43,28.22,350.0,1,66.93,5.56,54.35,11.71,1.06,1.0,personalcare,M13,marico
300,http://www.moneycontrol.com/india/stockpricequote/pharmaceuticals/marksanspharma/MP21,1082.63,88.17,10.54,5.0,1,28.83,0.3,44.08,2.51,0.19,1.0,pharmaceuticals,MP21,marksanspharma
301,http://www.moneycontrol.com/india/stockpricequote/autocarsjeeps/marutisuzukiindia/MS24,266470.86,34.51,1453.02,1500.0,1,31.16,255.62,25.43,6.07,0.85,5.0,autocarsjeeps,MS24,marutisuzukiindia
302,http://www.moneycontrol.com/india/stockpricequote/financeinvestments/maxfinancialservices/MI,11617.03,94.5,68.12,0.0,1,34.92,4.58,92.88,6.35,,2.0,financeinvestments,MI,maxfinancialservices
303,http://www.moneycontrol.com/india/stockpricequote/miscellaneous/maxindia/MIL16,1959.2,304.17,61.26,0.0,1,34.92,0.24,270.37,1.19,,2.0,miscellaneous,MIL16,maxindia
304,http://www.moneycontrol.com/india/stockpricequote/plantationsteacoffee/mcleodrusselindia/MRI02,1635.82,24.34,165.42,5.0,1,31.24,6.14,10.91,0.9,0.17,5.0,plantationsteacoffee,MRI02,mcleodrusselindia
305,http://www.moneycontrol.com/india/stockpricequote/miscellaneous/multicommodityexchangeindia/MCE,3729.51,35.07,320.72,150.0,1,16.4,20.85,30.32,2.28,2.05,10.0,miscellaneous,MCE,multicommodityexchangeindia
306,http://www.moneycontrol.com/india/stockpricequote/autoancillaries/mindaindustries/MI4,11017.56,81.07,75.68,110.0,1,67.6,15.59,58.49,16.7,0.17,2.0,autoancillaries,MI4,mindaindustries
307,http://www.moneycontrol.com/india/stockpricequote/computerssoftware/mindtree/MT13,16178.08,24.88,173.04,90.0,1,22.18,39.64,20.09,5.7,0.91,10.0,computerssoftware,MT13,mindtree
308,http://www.moneycontrol.com/india/stockpricequote/trading/mmtc/MMT,5017.5,101.36,9.56,30.0,1,43.05,0.33,92.92,3.5,0.9,1.0,trading,MMT,mmtc
309,http://www.moneycontrol.com/india/stockpricequote/miningminerals/moil/M18,4625.61,10.96,105.32,110.0,1,14.25,15.84,9.55,1.65,6.33,10.0,miningminerals,M18,moil
310,http://www.moneycontrol.com/india/stockpricequote/pesticidesagrochemicals/monsantoindia/MI39,4943.45,30.04,402.13,300.0,1,36.35,95.33,27.84,7.12,1.05,10.0,pesticidesagrochemicals,MI39,monsantoindia
311,http://www.moneycontrol.com/india/stockpricequote/autoancillaries/mothersonsumisystems/MSS01,59506.57,67.62,11.9,200.0,1,67.6,4.18,54.25,23.75,0.71,1.0,autoancillaries,MSS01,mothersonsumisystems
312,http://www.moneycontrol.com/india/stockpricequote/financegeneral/motilaloswalfinancialservices/MOF01,11252.68,86.76,55.07,250.0,1,34.92,8.94,82.6,14.08,0.32,1.0,financegeneral,MOF01,motilaloswalfinancialservices
313,http://www.moneycontrol.com/india/stockpricequote/computerssoftware/mphasis/MB02,20801.93,28.11,242.01,170.0,1,22.18,38.28,26.96,4.45,1.58,10.0,computerssoftware,MB02,mphasis
314,http://www.moneycontrol.com/india/stockpricequote/tyres/mrf/MRF,31846.74,29.16,22721.94,600.0,1,25.91,2575.44,17.72,3.3,0.08,10.0,tyres,MRF,mrf
315,http://www.moneycontrol.com/india/stockpricequote/refineries/mangalorerefinerypetrochemicals/MRP,14204.81,6.39,70.15,0.0,1,7.49,12.69,4.91,1.16,,10.0,refineries,MRP,mangalorerefinerypetrochemicals
317,http://www.moneycontrol.com/india/stockpricequote/financeinvestments/muthootfinance/MF10,15175.47,8.82,205.89,60.0,1,34.92,43.0,8.6,1.84,1.58,10.0,financeinvestments,MF10,muthootfinance
318,http://www.moneycontrol.com/india/stockpricequote/aluminium/nationalaluminiumcompany/NAC,12496.39,9.32,59.74,56.0,1,23.07,6.94,6.86,1.08,4.33,5.0,aluminium,NAC,nationalaluminiumcompany
319,http://www.moneycontrol.com/india/stockpricequote/hospitalsmedicalservices/narayanahrudayalaya/NH,4791.24,78.94,54.65,0.0,1,50.7,2.97,34.53,4.29,,10.0,hospitalsmedicalservices,NH,narayanahrudayalaya
320,http://www.moneycontrol.com/india/stockpricequote/pharmaceuticals/natcopharma/NP07,14824.04,21.23,130.08,362.5,1,28.83,37.84,19.41,6.18,0.9,2.0,pharmaceuticals,NP07,natcopharma
321,http://www.moneycontrol.com/india/stockpricequote/diversified/navabharatventures/NBV,2314.34,14.32,160.54,50.0,1,21.24,9.05,11.63,0.81,0.77,2.0,diversified,NBV,navabharatventures
322,http://www.moneycontrol.com/india/stockpricequote/chemicals/navinfluorineinternational/NFI,3104.95,17.35,151.6,315.0,1,24.19,36.27,14.3,4.15,1.0,2.0,chemicals,NFI,navinfluorineinternational
323,http://www.moneycontrol.com/india/stockpricequote/transportlogistics/navkarcorporation/NC02,1945.46,18.9,89.09,0.0,1,40.69,6.84,15.44,1.45,,10.0,transportlogistics,NC02,navkarcorporation
324,http://www.moneycontrol.com/india/stockpricequote/printingstationery/navneeteducation/NP01,2921.81,19.07,37.63,125.0,1,14.79,6.56,16.53,3.32,2.0,2.0,printingstationery,NP01,navneeteducation
325,http://www.moneycontrol.com/india/stockpricequote/infrastructuregeneral/nbccindia/NBC01,13500.0,40.54,9.3,81.5,1,28.23,1.85,40.11,8.06,1.09,1.0,infrastructuregeneral,NBC01,nbccindia
326,http://www.moneycontrol.com/india/stockpricequote/constructioncontractingcivil/ncc/NCC01,5772.21,20.15,62.23,20.0,1,28.23,4.77,14.28,1.54,0.42,2.0,constructioncontractingcivil,NCC01,ncc
327,http://www.moneycontrol.com/india/stockpricequote/foodprocessing/nestleindia/NI,95078.91,70.82,354.77,860.0,1,64.8,139.24,56.44,27.8,0.87,10.0,foodprocessing,NI,nestleindia
329,http://www.moneycontrol.com/india/stockpricequote/powergenerationdistribution/nhpc/N07,24006.81,8.7,28.95,18.0,1,11.31,2.69,5.76,0.81,7.69,10.0,powergenerationdistribution,N07,nhpc
330,http://www.moneycontrol.com/india/stockpricequote/computerssoftwaretraining/niit/NII,1608.52,311.13,48.49,0.0,1,97.94,0.31,55.43,1.99,,2.0,computerssoftwaretraining,NII,niit
331,http://www.moneycontrol.com/india/stockpricequote/computerssoftware/niittechnologies/NII02,6800.44,30.06,217.85,125.0,1,22.18,36.79,22.03,5.08,1.13,10.0,computerssoftware,NII02,niittechnologies
332,http://www.moneycontrol.com/india/stockpricequote/plastics/nilkamal/NP08,2384.62,20.36,534.21,130.0,1,34.36,78.47,14.4,2.99,0.81,10.0,plastics,NP08,nilkamal
333,http://www.moneycontrol.com/india/stockpricequote/powergenerationdistribution/nlcindia/NLC,12427.26,6.72,91.9,73.4,1,11.31,12.09,4.59,0.88,9.03,10.0,powergenerationdistribution,NLC,nlcindia
334,http://www.moneycontrol.com/india/stockpricequote/miningminerals/nmdc/NMD02,34170.02,8.98,83.2,515.0,1,14.25,12.03,8.41,1.3,4.77,1.0,miningminerals,NMD02,nmdc
335,http://www.moneycontrol.com/india/stockpricequote/powergenerationdistribution/ntpc/NTP,131473.93,12.72,129.25,47.8,1,11.31,12.54,7.54,1.23,3.0,10.0,powergenerationdistribution,NTP,ntpc
336,http://www.moneycontrol.com/india/stockpricequote/constructioncontractingrealestate/oberoirealty/OR,17351.1,41.6,123.37,20.0,1,28.23,11.47,37.99,3.87,0.42,10.0,constructioncontractingrealestate,OR,oberoirealty
337,http://www.moneycontrol.com/india/stockpricequote/cementmajor/oclindia/OCL,6048.49,14.32,488.16,250.0,1,35.64,74.21,10.25,2.18,0.47,2.0,cementmajor,OCL,oclindia
338,http://www.moneycontrol.com/india/stockpricequote/oildrillingandexploration/oilindia/OI13,23793.26,8.92,255.93,95.0,1,11.19,23.51,6.04,0.82,4.53,10.0,oildrillingandexploration,OI13,oilindia
339,http://www.moneycontrol.com/india/stockpricequote/constructioncontractingrealestate/omaxe/O02,4010.09,63.18,105.59,7.0,1,28.23,3.47,57.7,2.08,0.32,10.0,constructioncontractingrealestate,O02,omaxe
340,http://www.moneycontrol.com/india/stockpricequote/oildrillingandexploration/oilnaturalgascorporation/ONG,203021.78,10.18,160.12,121.0,1,11.19,15.54,5.9,0.99,3.82,5.0,oildrillingandexploration,ONG,oilnaturalgascorporation
341,http://www.moneycontrol.com/india/stockpricequote/computerssoftware/oraclefinancialservicessoftware/OFS01,34716.04,34.51,313.17,3400.0,1,22.18,117.73,32.65,12.97,4.18,5.0,computerssoftware,OFS01,oraclefinancialservicessoftware
342,http://www.moneycontrol.com/india/stockpricequote/cementmajor/orientcement/OC10,2235.12,50.51,50.34,100.0,1,35.64,2.16,13.11,2.17,0.92,1.0,cementmajor,OC10,orientcement
344,http://www.moneycontrol.com/india/stockpricequote/personalcare/proctergamblehygienehealthcare/PGH,32141.32,78.77,162.08,3890.0,1,66.93,125.71,68.7,61.09,3.93,10.0,personalcare,PGH,proctergamblehygienehealthcare
345,http://www.moneycontrol.com/india/stockpricequote/textilesreadymadeapparels/pageindustries/PI35,30896.23,89.04,907.99,970.0,1,48.29,311.08,82.4,30.51,0.35,10.0,textilesreadymadeapparels,PI35,pageindustries
346,http://www.moneycontrol.com/india/stockpricequote/foodprocessing/paragmilkfoods/PMF01,2636.15,33.59,88.52,5.0,1,64.8,9.33,20.71,3.54,0.16,10.0,foodprocessing,PMF01,paragmilkfoods
347,http://www.moneycontrol.com/india/stockpricequote/diamondcuttingjewellerypreciousmetals/pcjeweller/PJ,5384.49,9.49,70.83,10.0,1,23.81,14.38,9.16,1.93,0.73,10.0,diamondcuttingjewellerypreciousmetals,PJ,pcjeweller
348,http://www.moneycontrol.com/india/stockpricequote/computerssoftware/persistentsystems/PS15,6490.4,18.97,269.57,90.0,1,22.18,42.76,16.39,3.01,1.11,10.0,computerssoftware,PS15,persistentsystems
349,http://www.moneycontrol.com/india/stockpricequote/oildrillingandexploration/petronetlng/PLN,32872.5,15.82,53.88,25.0,1,15.43,13.85,13.2,4.07,1.14,10.0,oildrillingandexploration,PLN,petronetlng
350,http://www.moneycontrol.com/india/stockpricequote/pharmaceuticals/pfizer/P,11769.98,32.69,607.45,200.0,1,28.83,78.71,27.61,4.24,0.78,10.0,pharmaceuticals,P,pfizer
351,http://www.moneycontrol.com/india/stockpricequote/constructioncontractingrealestate/phoenixmills/PM02,10185.56,65.77,158.76,120.0,1,28.23,10.11,52.19,4.19,0.36,2.0,constructioncontractingrealestate,PM02,phoenixmills
352,http://www.moneycontrol.com/india/stockpricequote/pesticidesagrochemicals/piindustries/PII,10382.35,28.32,143.24,400.0,1,36.35,26.58,23.11,5.26,0.53,1.0,pesticidesagrochemicals,PII,piindustries
353,http://www.moneycontrol.com/india/stockpricequote/chemicals/pidiliteindustries/PI11,53981.33,56.51,85.74,475.0,1,41.38,18.81,51.58,12.4,0.45,1.0,chemicals,PI11,pidiliteindustries
354,http://www.moneycontrol.com/india/stockpricequote/pharmaceuticals/piramalenterprises/PH05,45600.51,87.95,897.64,1050.0,1,28.83,28.71,72.37,2.81,0.83,2.0,pharmaceuticals,PH05,piramalenterprises
356,http://www.moneycontrol.com/india/stockpricequote/financehousing/pnbhousingfinance/PHF,18947.75,22.81,382.8,60.0,1,24.02,49.61,22.17,2.96,0.53,10.0,financehousing,PHF,pnbhousingfinance
357,http://www.moneycontrol.com/india/stockpricequote/constructioncontractingrealestate/pncinfratech/PI26,3694.16,14.71,71.07,25.0,1,28.23,9.79,11.25,2.03,0.35,2.0,constructioncontractingrealestate,PI26,pncinfratech
358,http://www.moneycontrol.com/india/stockpricequote/computerssoftware/polarisconsultingservices/PSL01,4803.11,26.56,73.78,0.0,1,22.18,17.55,23.48,6.32,,5.0,computerssoftware,PSL01,polarisconsultingservices
359,http://www.moneycontrol.com/india/stockpricequote/financetermlendinginstitutions/powerfinancecorporation/PFC02,20368.23,3.48,160.32,50.0,1,5.28,22.18,3.48,0.48,6.48,10.0,financetermlendinginstitutions,PFC02,powerfinancecorporation
360,http://www.moneycontrol.com/india/stockpricequote/powergenerationdistribution/powergridcorporationindia/PGC,98092.31,11.9,110.95,10.0,1,13.5,15.75,5.66,1.69,0.53,10.0,powergenerationdistribution,PGC,powergridcorporationindia
361,http://www.moneycontrol.com/india/stockpricequote/engineeringheavy/prajindustries/PI17,1427.32,45.2,39.41,81.0,1,21.24,1.74,27.03,2.0,2.06,2.0,engineeringheavy,PI17,prajindustries
362,http://www.moneycontrol.com/india/stockpricequote/constructioncontractingrealestate/prestigeestatesprojects/PEP02,10104.38,43.53,132.66,12.0,1,28.23,6.19,35.13,2.03,0.45,10.0,constructioncontractingrealestate,PEP02,prestigeestatesprojects
364,http://www.moneycontrol.com/india/stockpricequote/trading/ptcindia/PTC02,2245.22,7.04,114.66,30.0,1,11.31,10.78,6.97,0.66,3.96,10.0,trading,PTC02,ptcindia
365,http://www.moneycontrol.com/india/stockpricequote/financetermlendinginstitutions/ptcindiafinancialservices/PIF02,1040.5,42.63,38.05,15.0,1,34.92,0.38,36.82,0.43,9.26,10.0,financetermlendinginstitutions,PIF02,ptcindiafinancialservices
366,http://www.moneycontrol.com/india/stockpricequote/mediaentertainment/pvr/PVR,6391.03,52.63,229.87,20.0,1,33.06,25.98,24.34,5.95,0.15,10.0,mediaentertainment,PVR,pvr
367,http://www.moneycontrol.com/india/stockpricequote/breweriesdistilleries/radicokhaitan/RK01,5504.26,44.59,86.52,40.0,1,65.07,9.26,33.49,4.77,0.19,2.0,breweriesdistilleries,RK01,radicokhaitan
368,http://www.moneycontrol.com/india/stockpricequote/cementmajor/rainindustries/RC12,6491.47,209.78,27.43,50.0,1,35.64,0.92,205.32,7.04,0.52,2.0,cementmajor,RC12,rainindustries
369,http://www.moneycontrol.com/india/stockpricequote/diamondcuttingjewellerypreciousmetals/rajeshexports/RE07,17801.22,40.35,141.66,110.0,1,23.81,14.94,40.22,4.26,0.18,1.0,diamondcuttingjewellerypreciousmetals,RE07,rajeshexports
370,http://www.moneycontrol.com/india/stockpricequote/pesticidesagrochemicals/rallisindia/RI03,3659.9,25.85,60.62,250.0,1,36.35,7.28,20.11,3.1,1.33,1.0,pesticidesagrochemicals,RI03,rallisindia
371,http://www.moneycontrol.com/india/stockpricequote/cementmajor/theramcocements/MC,16810.37,30.26,155.92,300.0,1,35.64,23.15,19.83,4.49,0.43,1.0,cementmajor,MC,theramcocements
372,http://www.moneycontrol.com/india/stockpricequote/fertilisers/rashtriyachemicalsfertilisers/RCF01,3903.19,49.48,54.45,11.0,1,13.56,1.43,18.09,1.3,1.55,10.0,fertilisers,RCF01,rashtriyachemicalsfertilisers
373,http://www.moneycontrol.com/india/stockpricequote/steeltubespipes/ratnamanimetalstubes/RMT,4334.96,28.56,286.49,275.0,1,17.39,32.48,20.41,3.24,0.59,2.0,steeltubespipes,RMT,ratnamanimetalstubes
375,http://www.moneycontrol.com/india/stockpricequote/textileswoollenworsted/raymond/R,5626.48,57.36,214.57,30.0,1,55.6,15.98,29.04,4.27,0.33,10.0,textileswoollenworsted,R,raymond
376,http://www.moneycontrol.com/india/stockpricequote/banksprivatesector/rblbank/RB03,23260.56,36.62,158.82,18.0,1,32.65,15.09,36.62,3.48,0.33,10.0,banksprivatesector,RB03,rblbank
377,http://www.moneycontrol.com/india/stockpricequote/financetermlendinginstitutions/ruralelectrificationcorporation/REC02,20647.77,4.44,192.27,96.5,1,5.28,23.53,4.44,0.54,9.23,10.0,financetermlendinginstitutions,REC02,ruralelectrificationcorporation
378,http://www.moneycontrol.com/india/stockpricequote/computershardware/redingtonindia/RI37,4379.89,23.79,43.24,215.0,1,26.07,4.6,22.16,2.53,3.93,2.0,computershardware,RI37,redingtonindia
379,http://www.moneycontrol.com/india/stockpricequote/financeinvestments/reliancecapital/RC,9797.36,11.75,574.93,105.0,1,34.92,33.0,11.46,0.67,2.71,10.0,financeinvestments,RC,reliancecapital
380,http://www.moneycontrol.com/india/stockpricequote/leatherproducts/relaxofootwears/RF07,8310.42,51.61,63.64,100.0,1,41.6,13.38,38.58,10.85,0.14,1.0,leatherproducts,RF07,relaxofootwears
381,http://www.moneycontrol.com/india/stockpricequote/refineries/relianceindustries/RI,616499.94,18.34,496.55,60.0,1,21.24,53.05,14.27,1.96,0.62,10.0,refineries,RI,relianceindustries
383,http://www.moneycontrol.com/india/stockpricequote/powergenerationdistribution/relianceinfrastructure/RI38,10307.89,6.19,861.61,90.0,1,11.31,63.29,4.04,0.45,2.3,10.0,powergenerationdistribution,RI38,relianceinfrastructure
385,http://www.moneycontrol.com/india/stockpricequote/powergenerationdistribution/reliancepower/RP,8962.38,3195.0,59.91,0.0,1,11.31,0.01,532.5,0.53,,10.0,powergenerationdistribution,RP,reliancepower
387,http://www.moneycontrol.com/india/stockpricequote/financehousing/repcohomefinance/RHF,3464.02,16.8,214.73,20.0,1,24.02,32.95,16.56,2.58,0.36,10.0,financehousing,RHF,repcohomefinance
388,http://www.moneycontrol.com/india/stockpricequote/computerssoftware/roltaindia/RI15,570.77,3.71,236.15,0.0,1,22.18,9.29,2.25,0.15,,10.0,computerssoftware,RI15,roltaindia
389,http://www.moneycontrol.com/india/stockpricequote/chemicals/shkelkarcompany/KC17,3227.21,46.78,47.56,0.0,1,24.19,4.77,40.57,4.69,,10.0,chemicals,KC17,shkelkarcompany
390,http://www.moneycontrol.com/india/stockpricequote/infrastructuregeneral/sadbhavengineering/SE19,4914.65,22.27,109.67,75.0,1,28.23,12.86,15.43,2.61,0.26,1.0,infrastructuregeneral,SE19,sadbhavengineering
392,http://www.moneycontrol.com/india/stockpricequote/pharmaceuticals/sanofiindia/AP26,11942.53,34.27,868.77,710.0,1,28.83,151.32,26.5,5.97,1.37,10.0,pharmaceuticals,AP26,sanofiindia
394,http://www.moneycontrol.com/india/stockpricequote/bearings/schaefflerindia/FAG,9191.68,37.28,1020.21,170.0,1,33.78,148.38,28.93,5.42,0.31,10.0,bearings,FAG,schaefflerindia
396,http://www.moneycontrol.com/india/stockpricequote/pharmaceuticals/sequentscientific/PID01,1313.74,3.25,68.26,0.0,1,28.83,16.6,3.22,0.79,,2.0,pharmaceuticals,PID01,sequentscientific
397,http://www.moneycontrol.com/india/stockpricequote/pesticidesagrochemicals/shardacropchem/SC04,3068.85,15.87,120.06,40.0,1,36.35,21.43,11.66,2.83,1.18,10.0,pesticidesagrochemicals,SC04,shardacropchem
398,http://www.moneycontrol.com/india/stockpricequote/miscellaneous/sheelafoam/SF14,7384.01,58.65,111.99,0.0,1,25.73,25.81,48.04,13.52,,5.0,miscellaneous,SF14,sheelafoam
399,http://www.moneycontrol.com/india/stockpricequote/pharmaceuticals/shilpamedicare/SM19,3233.76,23.95,133.62,60.0,1,28.83,16.56,19.27,2.97,0.15,1.0,pharmaceuticals,SM19,shilpamedicare
400,http://www.moneycontrol.com/india/stockpricequote/shipping/shippingcorporationindia/SCI,2745.89,10.82,152.88,0.0,1,16.98,5.45,3.18,0.39,,10.0,shipping,SCI,shippingcorporationindia
401,http://www.moneycontrol.com/india/stockpricequote/retail/shoppersstop/SS51,4811.29,414.24,88.03,15.0,1,145.89,1.32,38.95,6.21,0.14,5.0,retail,SS51,shoppersstop
402,http://www.moneycontrol.com/india/stockpricequote/cementmajor/shreecements/SC12,54193.83,39.15,2607.07,1400.0,1,35.64,397.33,23.73,5.97,0.9,10.0,cementmajor,SC12,shreecements
404,http://www.moneycontrol.com/india/stockpricequote/financeleasinghirepurchase/shriramcityunionfinance/SCU,13686.46,20.59,762.27,150.0,1,34.92,100.77,19.61,2.72,0.72,10.0,financeleasinghirepurchase,SCU,shriramcityunionfinance
405,http://www.moneycontrol.com/india/stockpricequote/financeleasinghirepurchase/shriramtransportfinancecorporation/STF,29470.93,18.8,567.26,100.0,1,34.92,69.11,18.37,2.29,0.77,10.0,financeleasinghirepurchase,STF,shriramtransportfinancecorporation
406,http://www.moneycontrol.com/india/stockpricequote/infrastructuregeneral/siemens/S,34862.39,29.13,216.35,350.0,1,36.9,33.61,25.02,4.52,0.72,2.0,infrastructuregeneral,S,siemens
408,http://www.moneycontrol.com/india/stockpricequote/powergenerationdistribution/sjvn/S11,11455.35,9.34,31.81,27.5,1,11.31,3.12,7.22,0.92,9.43,10.0,powergenerationdistribution,S11,sjvn
409,http://www.moneycontrol.com/india/stockpricequote/bearings/skfindia/SKF01,8824.23,29.82,410.17,150.0,1,33.78,57.65,25.82,4.19,0.87,10.0,bearings,SKF01,skfindia
410,http://www.moneycontrol.com/india/stockpricequote/autolcvshcvs/smlisuzu/SM,1091.67,128.51,284.01,0.0,1,34.71,5.87,29.58,2.66,,10.0,autolcvshcvs,SM,smlisuzu
411,http://www.moneycontrol.com/india/stockpricequote/constructioncontractingrealestate/sobha/SD6,4181.28,21.57,285.41,20.0,1,28.23,20.44,17.11,1.54,0.45,10.0,constructioncontractingrealestate,SD6,sobha
412,http://www.moneycontrol.com/india/stockpricequote/chemicals/solarindustriesindia/SII04,10255.24,76.37,87.62,250.0,1,70.52,14.84,63.96,12.93,0.44,2.0,chemicals,SII04,solarindustriesindia
413,http://www.moneycontrol.com/india/stockpricequote/ceramicsgranite/somanyceramics/SC49,2105.2,32.34,134.72,135.0,1,23.33,15.36,22.85,3.69,0.54,2.0,ceramicsgranite,SC49,somanyceramics
414,http://www.moneycontrol.com/india/stockpricequote/computerssoftwaremediumsmall/sonatasoftware/SS42,3288.33,21.73,57.76,900.0,1,22.18,14.39,21.04,5.41,2.88,1.0,computerssoftwaremediumsmall,SS42,sonatasoftware
415,http://www.moneycontrol.com/india/stockpricequote/banksprivatesector/southindianbank/SIB,4026.14,12.03,27.64,40.0,1,32.65,1.85,10.11,0.8,1.8,1.0,banksprivatesector,SIB,southindianbank
416,http://www.moneycontrol.com/india/stockpricequote/transportlogistics/spicejet/SJ01,6540.0,11.54,-0.71,0.0,1,17.26,9.45,8.2,,,10.0,transportlogistics,SJ01,spicejet
417,http://www.moneycontrol.com/india/stockpricequote/financeleasinghirepurchase/sreiinfrastructurefinance/SRE02,3126.68,25.37,58.87,5.0,1,34.92,2.45,17.71,1.06,0.8,10.0,financeleasinghirepurchase,SRE02,sreiinfrastructurefinance
418,http://www.moneycontrol.com/india/stockpricequote/textilesmanmade/srf/SRF,9731.91,23.99,618.16,120.0,1,23.99,70.65,14.23,2.74,0.71,10.0,textilesmanmade,SRF,srf
419,http://www.moneycontrol.com/india/stockpricequote/cablestelephone/sterlitetechnologies/ST20,11102.99,43.28,26.65,100.0,1,28.67,6.39,26.02,10.38,0.72,2.0,cablestelephone,ST20,sterlitetechnologies
420,http://www.moneycontrol.com/india/stockpricequote/pharmaceuticals/stridesshasun/SA10,3525.99,3.98,360.99,45.0,1,28.83,98.97,3.66,1.09,1.14,10.0,pharmaceuticals,SA10,stridesshasun
421,http://www.moneycontrol.com/india/stockpricequote/dyespigments/sudarshanchemicalindustries/SCI08,3016.92,34.26,69.84,175.0,1,21.49,12.72,20.63,6.24,0.8,2.0,dyespigments,SCI08,sudarshanchemicalindustries
424,http://www.moneycontrol.com/india/stockpricequote/mediaentertainment/suntvnetwork/STN01,30659.78,28.05,129.79,200.0,1,33.06,27.74,20.01,5.99,1.29,5.0,mediaentertainment,STN01,suntvnetwork
425,http://www.moneycontrol.com/india/stockpricequote/fasteners/sundramfasteners/SF23,13106.76,35.66,79.98,450.0,1,34.3,17.49,28.15,7.8,0.72,1.0,fasteners,SF23,sundramfasteners
426,http://www.moneycontrol.com/india/stockpricequote/constructioncontractingrealestate/sunteckrealty/SR05,5415.85,43.8,67.15,150.0,1,28.23,8.45,43.5,5.51,0.41,1.0,constructioncontractingrealestate,SR05,sunteckrealty
427,http://www.moneycontrol.com/india/stockpricequote/plastics/supremeindustries/SI48,14333.08,35.0,136.43,600.0,1,34.36,32.24,24.85,8.27,1.06,2.0,plastics,SI48,supremeindustries
428,http://www.moneycontrol.com/india/stockpricequote/pharmaceuticals/suvenlifesciences/SLS01,2651.29,16.73,69.92,100.0,1,28.83,12.45,14.75,2.98,0.48,1.0,pharmaceuticals,SLS01,suvenlifesciences
430,http://www.moneycontrol.com/india/stockpricequote/trading/swanenergy/SM09,3810.41,52.35,21.05,7.5,1,21.84,2.98,48.75,7.41,0.05,1.0,trading,SM09,swanenergy
431,http://www.moneycontrol.com/india/stockpricequote/consumergoodswhitegoods/symphony/SCS04,9902.76,54.13,91.61,225.0,1,48.01,26.15,52.88,15.45,0.32,2.0,consumergoodswhitegoods,SCS04,symphony
433,http://www.moneycontrol.com/india/stockpricequote/miscellaneous/syngeneinternational/SI10,12149.0,39.81,85.91,10.0,1,37.91,15.26,27.83,7.07,0.16,10.0,miscellaneous,SI10,syngeneinternational
434,http://www.moneycontrol.com/india/stockpricequote/computerssoftwaremediumsmall/takesolutions/TS09,3367.34,220.97,33.98,100.0,1,22.18,1.03,210.74,6.7,0.44,1.0,computerssoftwaremediumsmall,TS09,takesolutions
436,http://www.moneycontrol.com/india/stockpricequote/chemicals/tatachemicals/TC,17705.56,10.02,416.96,110.0,1,9.24,69.36,9.35,1.67,1.58,10.0,chemicals,TC,tatachemicals
437,http://www.moneycontrol.com/india/stockpricequote/plantationsteacoffee/tatacoffee/TC14,2102.1,33.5,49.27,150.0,1,31.24,3.36,24.68,2.28,1.33,1.0,plantationsteacoffee,TC14,tatacoffee
438,http://www.moneycontrol.com/india/stockpricequote/telecommunicationsservice/tatacommunications/TC17,16946.1,63.53,334.1,60.0,1,344.41,9.36,15.45,1.78,1.01,10.0,telecommunicationsservice,TC17,tatacommunications
439,http://www.moneycontrol.com/india/stockpricequote/computerssoftware/tataelxsi/TE,8317.02,34.65,89.76,160.0,1,22.18,38.54,31.34,14.88,1.2,10.0,computerssoftware,TE,tataelxsi
440,http://www.moneycontrol.com/india/stockpricequote/plantationsteacoffee/tataglobalbeverage/TT,17005.79,31.81,66.76,250.0,1,31.24,8.47,30.28,4.04,0.93,1.0,plantationsteacoffee,TT,tataglobalbeverage
441,http://www.moneycontrol.com/india/stockpricequote/financeinvestments/tatainvestmentcorporation/TIC,4497.98,18.94,486.81,180.0,1,34.92,43.1,18.93,1.68,2.2,10.0,financeinvestments,TIC,tatainvestmentcorporation
445,http://www.moneycontrol.com/india/stockpricequote/steelspongeiron/tataspongeiron/TSI,1474.47,10.47,640.54,200.0,1,8.96,91.47,9.63,1.49,2.09,10.0,steelspongeiron,TSI,tataspongeiron
446,http://www.moneycontrol.com/india/stockpricequote/steellarge/tatasteel/TIS,68375.92,16.4,511.35,330.0,1,16.58,34.63,8.66,1.11,5.81,10.0,steellarge,TIS,tatasteel
447,http://www.moneycontrol.com/india/stockpricequote/computerssoftware/tataconsultancyservices/TCS,707214.41,28.02,198.16,5000.0,1,22.18,65.93,26.3,9.32,2.71,1.0,computerssoftware,TCS,tataconsultancyservices
448,http://www.moneycontrol.com/india/stockpricequote/computerssoftware/techmahindra/TM4,64353.15,16.09,172.33,180.0,1,22.18,40.8,13.82,3.81,1.37,5.0,computerssoftware,TM4,techmahindra
449,http://www.moneycontrol.com/india/stockpricequote/electricequipment/technoelectricengineeringcompany/TEE,3035.66,22.95,87.31,0.0,1,21.24,11.74,22.49,3.09,,2.0,electricequipment,TEE,technoelectricengineeringcompany
450,http://www.moneycontrol.com/india/stockpricequote/infrastructuregeneral/texmacorailengineering/TRE,1503.72,148.59,47.51,25.0,1,21.24,0.46,52.18,1.44,0.37,1.0,infrastructuregeneral,TRE,texmacorailengineering
451,http://www.moneycontrol.com/india/stockpricequote/infrastructuregeneral/thermax/T,12544.18,52.66,222.23,300.0,1,27.31,19.99,41.48,4.74,0.57,2.0,infrastructuregeneral,T,thermax
452,http://www.moneycontrol.com/india/stockpricequote/miscellaneous/thomascookindia/TCI,9864.04,18.56,31.32,37.5,1,20.7,14.35,17.94,8.5,0.14,1.0,miscellaneous,TCI,thomascookindia
453,http://www.moneycontrol.com/india/stockpricequote/hospitalsmedicalservices/thyrocaretechnologies/TT16,3097.7,32.25,96.14,100.0,1,50.7,17.88,28.64,6.0,1.73,10.0,hospitalsmedicalservices,TT16,thyrocaretechnologies
454,http://www.moneycontrol.com/india/stockpricequote/miscellaneous/tifinancialholdings/TII,11504.95,194.03,51.63,125.0,1,34.92,3.16,194.03,11.88,0.2,1.0,miscellaneous,TII,tifinancialholdings
455,http://www.moneycontrol.com/india/stockpricequote/bearings/timkenindia/TI23,4873.56,52.93,104.39,10.0,1,33.78,13.54,36.05,6.87,0.14,10.0,bearings,TI23,timkenindia
456,http://www.moneycontrol.com/india/stockpricequote/infrastructuregeneral/titagarhwagons/TW04,1089.9,377.4,77.72,40.0,1,21.24,0.25,68.37,1.21,0.85,2.0,infrastructuregeneral,TW04,titagarhwagons
457,http://www.moneycontrol.com/india/stockpricequote/miscellaneous/titancompany/TI01,78023.09,67.09,61.67,260.0,1,66.68,13.1,61.33,14.25,0.3,1.0,miscellaneous,TI01,titancompany
458,http://www.moneycontrol.com/india/stockpricequote/pharmaceuticals/torrentpharmaceuticals/TP06,23733.66,49.25,263.18,280.0,1,28.83,28.48,27.41,5.33,1.0,5.0,pharmaceuticals,TP06,torrentpharmaceuticals
459,http://www.moneycontrol.com/india/stockpricequote/powergenerationdistribution/torrentpower/TP14,10847.52,11.77,162.42,22.0,1,11.31,19.18,5.34,1.39,0.97,10.0,powergenerationdistribution,TP14,torrentpower
460,http://www.moneycontrol.com/india/stockpricequote/retail/trent/T04,10032.64,86.01,49.88,100.0,1,68.9,3.51,63.29,6.05,0.33,1.0,retail,T04,trent
461,http://www.moneycontrol.com/india/stockpricequote/textilesspinningcottonblended/trident/AI01,2874.12,10.89,58.64,15.0,1,13.57,5.18,4.31,0.96,2.66,10.0,textilesspinningcottonblended,AI01,trident
462,http://www.moneycontrol.com/india/stockpricequote/electricequipment/triveniturbine/TT14,3796.33,38.61,14.97,120.0,1,32.08,2.98,32.32,7.69,1.04,1.0,electricequipment,TT14,triveniturbine
463,http://www.moneycontrol.com/india/stockpricequote/domesticappliances/ttkprestige/TTK02,6664.22,25.94,962.42,270.0,1,48.01,222.38,23.63,5.99,0.47,10.0,domesticappliances,TTK02,ttkprestige
464,http://www.moneycontrol.com/india/stockpricequote/mediaentertainment/tvtodaynetwork/TVT,2509.03,21.37,125.58,40.0,1,33.06,19.68,16.88,3.35,0.48,5.0,mediaentertainment,TVT,tvtodaynetwork
465,http://www.moneycontrol.com/india/stockpricequote/mediaentertainment/tv18broadcast/IBN,9000.39,93.75,22.13,0.0,1,33.06,0.56,78.36,2.37,,2.0,mediaentertainment,IBN,tv18broadcast
466,http://www.moneycontrol.com/india/stockpricequote/auto23wheelers/tvsmotorcompany/TVS,26239.06,39.59,64.64,250.0,1,21.21,13.95,26.2,8.54,0.45,1.0,auto23wheelers,TVS,tvsmotorcompany
467,http://www.moneycontrol.com/india/stockpricequote/tyres/tvssrichakra/TVS03,2291.76,19.49,904.51,507.0,1,25.91,153.6,12.33,3.31,1.69,10.0,tyres,TVS03,tvssrichakra
469,http://www.moneycontrol.com/india/stockpricequote/packaging/uflex/U01,1875.69,18.58,296.73,35.0,1,22.08,13.98,5.82,0.88,1.35,10.0,packaging,U01,uflex
470,http://www.moneycontrol.com/india/stockpricequote/financegeneral/ujjivanfinancialservices/UFS01,4582.37,12628.33,145.06,5.0,1,34.92,0.03,9471.25,2.61,0.13,10.0,financegeneral,UFS01,ujjivanfinancialservices
471,http://www.moneycontrol.com/india/stockpricequote/cementmajor/ultratechcement/UTC01,104188.55,46.7,943.98,105.0,1,35.64,81.25,26.08,4.02,0.28,10.0,cementmajor,UTC01,ultratechcement
472,http://www.moneycontrol.com/india/stockpricequote/pharmaceuticals/unichemlaboratories/UL02,1655.73,0.65,523.65,150.0,1,28.83,363.48,0.64,0.45,1.27,2.0,pharmaceuticals,UL02,unichemlaboratories
475,http://www.moneycontrol.com/india/stockpricequote/breweriesdistilleries/unitedbreweries/UB02,30483.27,77.38,103.12,115.0,1,65.07,14.9,46.64,11.18,0.1,1.0,breweriesdistilleries,UB02,unitedbreweries
476,http://www.moneycontrol.com/india/stockpricequote/chemicals/upl/UP04,31482.47,57.44,161.32,350.0,1,36.35,10.76,25.94,3.83,1.13,2.0,chemicals,UP04,upl
477,http://www.moneycontrol.com/india/stockpricequote/electricequipment/vguardindustries/VI02,8388.6,62.94,14.96,70.0,1,46.21,3.13,55.18,13.17,0.36,1.0,electricequipment,VI02,vguardindustries
478,http://www.moneycontrol.com/india/stockpricequote/infrastructuregeneral/vatechwabag/VTW,2122.07,18.12,172.2,200.0,1,27.31,21.43,16.81,2.25,1.03,2.0,infrastructuregeneral,VTW,vatechwabag
479,http://www.moneycontrol.com/india/stockpricequote/computerssoftwaremediumsmall/vakrangee/VS,7078.1,10.68,19.46,200.0,1,22.18,6.26,10.61,3.44,2.99,1.0,computerssoftwaremediumsmall,VS,vakrangee
480,http://www.moneycontrol.com/india/stockpricequote/textilesspinningcottonblended/vardhmantextiles/VT10,6988.76,12.81,694.17,150.0,1,13.57,95.01,9.03,1.75,1.23,10.0,textilesspinningcottonblended,VT10,vardhmantextiles
481,http://www.moneycontrol.com/india/stockpricequote/foodprocessing/varunbeverages/VB05,13755.45,56.76,125.77,25.0,1,46.13,13.27,26.66,5.99,0.33,10.0,foodprocessing,VB05,varunbeverages
482,http://www.moneycontrol.com/india/stockpricequote/miningminerals/vedanta/SG,87632.91,12.08,234.11,1945.0,1,14.25,19.52,8.68,1.01,8.25,1.0,miningminerals,SG,vedanta
484,http://www.moneycontrol.com/india/stockpricequote/bankspublicsector/vijayabank/VB03,6683.76,9.2,75.43,12.0,1,11.67,5.57,8.06,0.68,2.34,10.0,bankspublicsector,VB03,vijayabank
485,http://www.moneycontrol.com/india/stockpricequote/chemicals/vinatiorganics/VO01,4869.04,33.84,160.32,25.0,1,30.56,28.0,29.12,5.91,0.05,2.0,chemicals,VO01,vinatiorganics
486,http://www.moneycontrol.com/india/stockpricequote/plastics/vipindustries/VIP,6005.99,50.66,36.63,120.0,1,34.36,8.39,46.4,11.6,0.56,2.0,plastics,VIP,vipindustries
487,http://www.moneycontrol.com/india/stockpricequote/diversified/voltas/V,17172.92,34.26,105.36,350.0,1,21.24,15.15,32.99,4.93,0.67,1.0,diversified,V,voltas
488,http://www.moneycontrol.com/india/stockpricequote/cigarettes/vstindustries/VST,4582.31,25.19,463.87,750.0,1,28.8,117.79,20.73,6.4,2.53,10.0,cigarettes,VST,vstindustries
489,http://www.moneycontrol.com/india/stockpricequote/autoancillaries/wabcoindia/WAB,13356.78,48.96,811.52,140.0,1,62.82,143.84,39.92,8.68,0.1,5.0,autoancillaries,WAB,wabcoindia
490,http://www.moneycontrol.com/india/stockpricequote/steeltubespipes/welspuncorp/WGS,3128.34,24.88,72.97,10.0,1,17.39,4.74,8.61,1.62,0.42,5.0,steeltubespipes,WGS,welspuncorp
491,http://www.moneycontrol.com/india/stockpricequote/textilesweaving/welspunindia/WI03,5455.66,17.92,24.93,65.0,1,18.01,3.03,7.07,2.18,1.2,1.0,textilesweaving,WI03,welspunindia
492,http://www.moneycontrol.com/india/stockpricequote/hotels/westlifedevelopment/DIC,5328.1,3113.18,30.79,0.0,1,65.7,0.11,3113.18,11.12,,2.0,hotels,DIC,westlifedevelopment
493,http://www.moneycontrol.com/india/stockpricequote/consumergoodswhitegoods/whirlpoolindia/WI,19335.9,55.14,144.53,30.0,1,48.01,27.64,42.76,10.54,0.2,10.0,consumergoodswhitegoods,WI,whirlpoolindia
494,http://www.moneycontrol.com/india/stockpricequote/computerssoftware/wipro/W,126754.3,16.41,86.96,50.0,1,22.18,15.87,14.51,2.99,0.38,2.0,computerssoftware,W,wipro
495,http://www.moneycontrol.com/india/stockpricequote/pharmaceuticals/wockhardt/W05,7074.24,102.96,116.42,200.0,1,28.83,6.21,40.44,5.49,1.56,5.0,pharmaceuticals,W05,wockhardt
496,http://www.moneycontrol.com/india/stockpricequote/miscellaneous/wonderlaholidays/WH01,1845.03,47.95,84.0,10.0,1,20.7,6.81,24.59,3.89,0.31,10.0,miscellaneous,WH01,wonderlaholidays
497,http://www.moneycontrol.com/india/stockpricequote/banksprivatesector/yesbank/YB,78302.02,18.54,111.72,135.0,1,32.65,18.32,17.58,3.04,0.8,2.0,banksprivatesector,YB,yesbank
498,http://www.moneycontrol.com/india/stockpricequote/mediaentertainment/zeeentertainmententerprises/ZEE,52249.19,27.35,60.59,290.0,1,33.06,19.89,25.49,8.98,0.53,1.0,mediaentertainment,ZEE,zeeentertainmententerprises
499,http://www.moneycontrol.com/india/stockpricequote/computerssoftware/zensartechnologies/ZT02,5750.15,29.86,293.53,120.0,1,22.18,42.8,24.09,4.35,0.94,10.0,computerssoftware,ZT02,zensartechnologies
