,LINK,company_code,company_category,company_name,BOOK_VALUE_RS,DIV_PERCENT,DIV_YIELD_PERCENT,EPS_TTM,FACE_VALUE,INDUSTRY_P_BY_E,MARKETCAP_RS_CR,MARKET_LOT,P_BY_C,P_BY_E,PRICE_BY_BOOK,sector
0,http://www.moneycontrol.com/india/stockpricequote/diversified/3mindia/MI42,MI42,diversified,3mindia,1364.33,0.0,,275.66,10.0,22.07,22192.19,1,62.99,71.46,14.44,DIVERSIFIED
1,http://www.moneycontrol.com/india/stockpricequote/computerssoftware/8kmilessoftwareservices/PMS01,PMS01,computerssoftware,8kmilessoftwareservices,28.49,0.0,,1.6,5.0,21.82,1631.62,1,285.91,334.16,18.77,COMPUTERS - SOFTWARE
2,http://www.moneycontrol.com/india/stockpricequote/chemicals/aartiindustries/AI45,AI45,chemicals,aartiindustries,200.01,20.0,0.08,38.92,5.0,24.63,10526.72,1,23.28,33.27,6.47,CHEMICALS
3,http://www.moneycontrol.com/india/stockpricequote/oildrillingandexploration/abanoffshore/AO04,AO04,oildrillingandexploration,abanoffshore,701.88,0.0,,1.47,2.0,11.73,747.95,1,4.41,87.18,0.18,OIL DRILLING AND EXPLORATION
4,http://www.moneycontrol.com/india/stockpricequote/infrastructuregeneral/abbindia/ABB,ABB,infrastructuregeneral,abbindia,170.21,200.0,0.33,20.41,2.0,47.97,25813.62,1,43.72,59.68,7.16,INFRASTRUCTURE - GENERAL
5,http://www.moneycontrol.com/india/stockpricequote/pharmaceuticals/abbottindia/AI51,AI51,pharmaceuticals,abbottindia,841.52,400.0,0.61,188.83,10.0,29.05,13888.76,1,33.27,34.61,7.77,PHARMACEUTICALS
6,http://www.moneycontrol.com/india/stockpricequote/cementmajor/acc/ACC06,ACC06,cementmajor,acc,498.72,260.0,1.99,50.54,10.0,36.29,24476.19,1,15.4,25.79,2.61,CEMENT - MAJOR
7,http://www.moneycontrol.com/india/stockpricequote/trading/adanienterprises/AE13,AE13,trading,adanienterprises,36.04,40.0,0.3,1.79,1.0,49.47,14528.49,1,51.0,73.8,3.67,TRADING
8,http://www.moneycontrol.com/india/stockpricequote/infrastructuregeneral/adaniportsspecialeconomiczone/MPS,MPS,infrastructuregeneral,adaniportsspecialeconomiczone,93.06,65.0,0.35,12.07,2.0,39.36,77215.44,1,26.0,30.89,4.01,INFRASTRUCTURE - GENERAL
11,http://www.moneycontrol.com/india/stockpricequote/retail/adityabirlafashionretail/PFR,PFR,retail,adityabirlafashionretail,12.43,0.0,,1.53,10.0,71.87,10923.73,1,27.38,92.52,11.39,RETAIL
12,http://www.moneycontrol.com/india/stockpricequote/pharmaceuticals/advancedenzymetechnologies/AET,AET,pharmaceuticals,advancedenzymetechnologies,26.06,20.0,0.18,3.21,2.0,24.93,2517.12,1,57.66,70.23,8.65,PHARMACEUTICALS
13,http://www.moneycontrol.com/india/stockpricequote/transportlogistics/aegislogistics/AL9,AL9,transportlogistics,aegislogistics,16.74,105.0,0.42,3.02,1.0,44.24,8415.13,1,70.77,83.43,15.05,TRANSPORT & LOGISTICS
14,http://www.moneycontrol.com/india/stockpricequote/castingsforgings/aiaengineering/AIE01,AIE01,castingsforgings,aiaengineering,306.61,400.0,0.51,49.82,2.0,28.21,14690.4,1,27.49,31.26,5.08,CASTINGS & FORGINGS
15,http://www.moneycontrol.com/india/stockpricequote/pharmaceuticals/ajantapharma/AP22,AP22,pharmaceuticals,ajantapharma,219.44,0.0,,48.57,2.0,29.05,9720.87,1,20.06,22.74,5.03,PHARMACEUTICALS
16,http://www.moneycontrol.com/india/stockpricequote/paintsvarnishes/akzonobelindia/ICI,ICI,paintsvarnishes,akzonobelindia,301.8,220.0,1.16,85.84,10.0,57.09,8821.83,1,19.23,22.03,6.26,PAINTS & VARNISHES
17,http://www.moneycontrol.com/india/stockpricequote/pharmaceuticals/alembicpharmaceuticals/AP35,AP35,pharmaceuticals,alembicpharmaceuticals,121.44,200.0,0.77,22.39,2.0,29.05,9765.12,1,18.65,23.14,4.27,PHARMACEUTICALS
18,http://www.moneycontrol.com/india/stockpricequote/pharmaceuticals/alkemlaboratories/AL05,AL05,pharmaceuticals,alkemlaboratories,427.26,300.0,0.31,59.87,2.0,29.05,23377.95,1,28.39,32.66,4.58,PHARMACEUTICALS
20,http://www.moneycontrol.com/india/stockpricequote/transportlogistics/allcargologistics/AGL02,AGL02,transportlogistics,allcargologistics,55.81,100.0,1.78,1.17,2.0,44.24,2759.16,1,21.15,95.98,2.01,TRANSPORT & LOGISTICS
21,http://www.moneycontrol.com/india/stockpricequote/autoancillaries/amararajabatteries/ARB,ARB,autoancillaries,amararajabatteries,179.4,425.0,0.55,27.59,1.0,30.46,13151.71,1,18.74,27.91,4.29,AUTO ANCILLARIES
22,http://www.moneycontrol.com/india/stockpricequote/cementmajor/ambujacements/AC18,AC18,cementmajor,ambujacements,102.35,140.0,1.37,6.42,2.0,36.29,40685.87,1,22.01,31.92,2.0,CEMENT - MAJOR
24,http://www.moneycontrol.com/india/stockpricequote/electricequipment/aparindustries/AI40,AI40,electricequipment,aparindustries,285.38,100.0,1.39,37.65,10.0,16.93,2748.64,1,14.19,19.08,2.52,ELECTRIC EQUIPMENT
25,http://www.moneycontrol.com/india/stockpricequote/steeltubespipes/aplapollotubes/BT09,BT09,steeltubespipes,aplapollotubes,213.34,120.0,0.67,44.32,10.0,19.46,4268.99,1,28.62,40.59,8.43,STEEL - TUBES & PIPES
26,http://www.moneycontrol.com/india/stockpricequote/hospitalsmedicalservices/apollohospitalsenterprises/AHE,AHE,hospitalsmedicalservices,apollohospitalsenterprises,274.01,120.0,0.58,16.76,5.0,48.56,14327.8,1,28.36,61.45,3.76,HOSPITALS & MEDICAL SERVICES
27,http://www.moneycontrol.com/india/stockpricequote/tyres/apollotyres/AT14,AT14,tyres,apollotyres,104.18,300.0,1.11,10.88,1.0,27.04,15405.31,1,15.61,24.75,2.58,TYRES
28,http://www.moneycontrol.com/india/stockpricequote/textilesdenim/arvind/A18,A18,textilesdenim,arvind,135.03,24.0,0.58,9.43,10.0,36.23,10717.09,1,23.68,43.94,3.07,TEXTILES - DENIM
29,http://www.moneycontrol.com/india/stockpricequote/glassglassproducts/asahiindiaglass/AIG01,AIG01,glassglassproducts,asahiindiaglass,28.21,100.0,0.29,7.62,1.0,41.97,8333.12,1,30.07,44.99,12.15,GLASS & GLASS PRODUCTS
30,http://www.moneycontrol.com/india/stockpricequote/autolcvshcvs/ashokleyland/AL,AL,autolcvshcvs,ashokleyland,26.23,156.0,1.1,5.32,1.0,37.26,41737.51,1,19.72,26.73,5.42,AUTO - LCVS & HCVS
31,http://www.moneycontrol.com/india/stockpricequote/constructioncontractingcivil/ashokabuildcon/AB,AB,constructioncontractingcivil,ashokabuildcon,112.28,32.0,0.68,13.47,5.0,30.6,4420.45,1,14.48,17.54,2.1,CONSTRUCTION & CONTRACTING - CIVIL
32,http://www.moneycontrol.com/india/stockpricequote/paintsvarnishes/asianpaints/AP31,AP31,paintsvarnishes,asianpaints,81.3,870.0,0.68,19.76,1.0,57.09,122878.03,1,55.7,64.83,15.76,PAINTS & VARNISHES
33,http://www.moneycontrol.com/india/stockpricequote/telecommunicationsequipment/astramicrowaveproducts/AMP01,AMP01,telecommunicationsequipment,astramicrowaveproducts,59.44,50.0,0.99,7.01,2.0,29.78,871.75,1,9.94,14.36,1.69,TELECOMMUNICATIONS - EQUIPMENT
34,http://www.moneycontrol.com/india/stockpricequote/plastics/astralpolytechnik/APT02,APT02,plastics,astralpolytechnik,69.71,50.0,0.05,9.94,1.0,85.68,12175.15,1,73.49,102.25,14.58,PLASTICS
35,http://www.moneycontrol.com/india/stockpricequote/pharmaceuticals/astrazenecapharma/AZP,AZP,pharmaceuticals,astrazenecapharma,82.55,0.0,,10.42,2.0,29.05,3268.0,1,80.1,125.45,15.84,PHARMACEUTICALS
36,http://www.moneycontrol.com/india/stockpricequote/dyespigments/atul/A06,A06,dyespigments,atul,738.73,100.0,0.37,91.16,10.0,22.45,8040.7,1,21.43,29.74,3.67,DYES & PIGMENTS
37,http://www.moneycontrol.com/india/stockpricequote/pharmaceuticals/aurobindopharma/AP,AP,pharmaceuticals,aurobindopharma,174.92,250.0,0.41,30.94,1.0,29.05,35942.5,1,16.58,19.83,3.51,PHARMACEUTICALS
38,http://www.moneycontrol.com/india/stockpricequote/aquaculture/avantifeeds/AF21,AF21,aquaculture,avantifeeds,217.4,450.0,0.49,91.37,2.0,19.94,8362.53,1,19.46,20.15,8.47,AQUACULTURE
39,http://www.moneycontrol.com/india/stockpricequote/retail/avenuesupermarts/AS19,AS19,retail,avenuesupermarts,74.06,0.0,,12.57,10.0,151.28,95990.43,1,102.2,122.36,20.77,RETAIL
40,http://www.moneycontrol.com/india/stockpricequote/banksprivatesector/axisbank/AB16,AB16,banksprivatesector,axisbank,217.29,0.0,,1.07,2.0,32.64,135585.38,1,160.49,493.46,2.43,BANKS - PRIVATE SECTOR
41,http://www.moneycontrol.com/india/stockpricequote/auto23wheelers/bajajauto/BA10,BA10,auto23wheelers,bajajauto,729.25,550.0,1.91,140.59,10.0,22.15,83156.85,1,18.97,20.44,3.94,AUTO - 2 & 3 WHEELERS
42,http://www.moneycontrol.com/india/stockpricequote/personalcare/bajajcorp/BC02,BC02,personalcare,bajajcorp,48.68,1150.0,2.7,14.66,1.0,66.23,6274.65,1,28.12,29.02,8.74,PERSONAL CARE
43,http://www.moneycontrol.com/india/stockpricequote/domesticappliances/bajajelectricals/BE,BE,domesticappliances,bajajelectricals,93.62,140.0,0.52,8.2,2.0,48.93,5482.47,1,46.64,65.52,5.74,DOMESTIC APPLIANCES
44,http://www.moneycontrol.com/india/stockpricequote/financeleasinghirepurchase/bajajfinance/BAF,BAF,financeleasinghirepurchase,bajajfinance,212.01,180.0,0.16,45.79,2.0,36.62,131961.74,1,48.01,49.86,10.77,FINANCE - LEASING & HIRE PURCHASE
45,http://www.moneycontrol.com/india/stockpricequote/financeinvestments/bajajfinserv/BF04,BF04,financeinvestments,bajajfinserv,182.7,35.0,0.03,8.88,5.0,36.62,95218.49,1,667.06,673.82,32.75,FINANCE - INVESTMENTS
47,http://www.moneycontrol.com/india/stockpricequote/financeinvestments/bajajholdingsinvestment/BHI,BHI,financeinvestments,bajajholdingsinvestment,777.2,325.0,1.09,118.03,10.0,36.62,33311.26,1,25.26,25.36,3.85,FINANCE - INVESTMENTS
48,http://www.moneycontrol.com/india/stockpricequote/tyres/balkrishnaindustries/BI03,BI03,tyres,balkrishnaindustries,183.56,400.0,0.73,38.24,2.0,27.04,21321.92,1,20.3,28.84,6.01,TYRES
49,http://www.moneycontrol.com/india/stockpricequote/diversified/balmerlawriecompany/BLC,BLC,diversified,balmerlawriecompany,118.49,70.0,3.16,16.21,10.0,22.07,2523.45,1,11.94,13.66,1.87,DIVERSIFIED
50,http://www.moneycontrol.com/india/stockpricequote/sugar/balrampurchinimills/BCM,BCM,sugar,balrampurchinimills,77.12,350.0,4.75,9.68,1.0,10.33,1684.66,1,5.32,7.62,0.96,SUGAR
54,http://www.moneycontrol.com/india/stockpricequote/chemicals/basfindia/BAS,BAS,chemicals,basfindia,311.59,10.0,0.05,56.95,10.0,24.63,8755.39,1,21.9,35.52,6.49,CHEMICALS
55,http://www.moneycontrol.com/india/stockpricequote/leatherproducts/bataindia/BI01,BI01,leatherproducts,bataindia,120.51,70.0,0.45,17.4,5.0,40.15,10009.72,1,35.24,44.76,6.46,LEATHER PRODUCTS
56,http://www.moneycontrol.com/india/stockpricequote/pesticidesagrochemicals/bayercropscience/BC12,BC12,pesticidesagrochemicals,bayercropscience,686.13,170.0,0.36,87.41,10.0,39.1,16134.04,1,48.42,53.76,6.85,PESTICIDES & AGRO CHEMICALS
57,http://www.moneycontrol.com/india/stockpricequote/infrastructuregeneral/beml/BEM03,BEM03,infrastructuregeneral,beml,554.91,80.0,0.92,31.08,10.0,23.24,3635.56,1,18.77,28.09,1.57,INFRASTRUCTURE - GENERAL
58,http://www.moneycontrol.com/india/stockpricequote/paintsvarnishes/bergerpaintsindia/BPI02,BPI02,paintsvarnishes,bergerpaintsindia,24.24,175.0,0.6,4.52,1.0,57.09,28315.28,1,51.43,64.51,12.03,PAINTS & VARNISHES
59,http://www.moneycontrol.com/india/stockpricequote/powergenerationdistribution/bfutilities/BFU,BFU,powergenerationdistribution,bfutilities,26.7,0.0,,4.2,5.0,11.73,1342.47,1,68.28,84.86,13.35,POWER - GENERATION & DISTRIBUTION
60,http://www.moneycontrol.com/india/stockpricequote/electricals/bharatelectronics/BE03,BE03,electricals,bharatelectronics,30.56,225.0,1.92,5.7,1.0,20.88,28746.79,1,17.41,20.53,3.83,ELECTRICALS
61,http://www.moneycontrol.com/india/stockpricequote/financegeneral/bharatfinancialinclusion/SM11,SM11,financegeneral,bharatfinancialinclusion,175.61,0.0,,32.67,10.0,36.62,16619.1,1,35.46,36.49,6.79,FINANCE - GENERAL
62,http://www.moneycontrol.com/india/stockpricequote/castingsforgings/bharatforge/BF03,BF03,castingsforgings,bharatforge,90.89,475.0,1.48,15.19,2.0,46.42,29886.13,1,29.47,42.26,7.06,CASTINGS & FORGINGS
63,http://www.moneycontrol.com/india/stockpricequote/telecommunicationsservice/bhartiairtel/BA08,BA08,telecommunicationsservice,bhartiairtel,253.38,20.0,0.26,0.2,5.0,341.93,150921.84,1,11.5,1887.75,1.49,TELECOMMUNICATIONS - SERVICE
64,http://www.moneycontrol.com/india/stockpricequote/telecommunicationsequipment/bhartiinfratel/BI14,BI14,telecommunicationsequipment,bhartiinfratel,100.84,160.0,5.45,13.05,10.0,22.48,54258.26,1,15.1,22.48,2.91,TELECOMMUNICATIONS - EQUIPMENT
65,http://www.moneycontrol.com/india/stockpricequote/infrastructuregeneral/bharatheavyelectricals/BHE,BHE,infrastructuregeneral,bharatheavyelectricals,87.96,79.0,2.1,2.2,2.0,23.24,27608.93,1,17.33,34.18,0.85,INFRASTRUCTURE - GENERAL
66,http://www.moneycontrol.com/india/stockpricequote/pharmaceuticals/biocon/BL03,BL03,pharmaceuticals,biocon,60.12,20.0,0.16,3.98,5.0,29.05,37425.0,1,99.96,156.72,10.38,PHARMACEUTICALS
67,http://www.moneycontrol.com/india/stockpricequote/cementmajor/birlacorporation/BC07,BC07,cementmajor,birlacorporation,427.15,65.0,0.89,14.95,10.0,36.29,5631.02,1,21.56,48.91,1.71,CEMENT - MAJOR
68,http://www.moneycontrol.com/india/stockpricequote/pharmaceuticals/blissgvspharma/BGV,BGV,pharmaceuticals,blissgvspharma,53.16,60.0,0.32,5.53,1.0,29.05,1919.04,1,30.6,33.64,3.5,PHARMACEUTICALS
69,http://www.moneycontrol.com/india/stockpricequote/couriers/bluedartexpress/BDE,BDE,couriers,bluedartexpress,279.75,150.0,0.41,59.89,10.0,52.73,8579.31,1,45.86,60.37,12.92,COURIERS
70,http://www.moneycontrol.com/india/stockpricequote/consumergoodswhitegoods/bluestar/BS,BS,consumergoodswhitegoods,bluestar,95.45,375.0,1.16,14.76,2.0,20.53,6239.23,1,30.81,43.96,6.8,CONSUMER GOODS - WHITE GOODS
72,http://www.moneycontrol.com/india/stockpricequote/textilesprocessing/bombaydyeingmanufacturingcompany/BDM,BDM,textilesprocessing,bombaydyeingmanufacturingcompany,21.2,35.0,0.32,1.67,2.0,50.95,4583.01,1,71.35,132.87,10.47,TEXTILES - PROCESSING
73,http://www.moneycontrol.com/india/stockpricequote/autoancillaries/bosch/B05,B05,autoancillaries,bosch,3332.27,1650.0,0.91,449.12,10.0,35.63,55379.88,1,30.13,40.4,5.45,AUTO ANCILLARIES
74,http://www.moneycontrol.com/india/stockpricequote/refineries/bharatpetroleumcorporation/BPC,BPC,refineries,bharatpetroleumcorporation,137.83,310.0,7.53,36.51,10.0,8.41,89340.67,1,8.45,11.28,2.99,REFINERIES
75,http://www.moneycontrol.com/india/stockpricequote/foodprocessing/britanniaindustries/BI,BI,foodprocessing,britanniaindustries,294.01,1100.0,0.36,78.95,2.0,64.74,73575.85,1,68.91,77.62,20.84,FOOD PROCESSING
76,http://www.moneycontrol.com/india/stockpricequote/pharmaceuticals/cadilahealthcare/CHC,CHC,pharmaceuticals,cadilahealthcare,75.3,320.0,0.8,10.66,1.0,29.05,40796.14,1,29.47,37.38,5.29,PHARMACEUTICALS
77,http://www.moneycontrol.com/india/stockpricequote/financehousing/canfinhomes/CFH,CFH,financehousing,canfinhomes,80.83,100.0,0.56,22.66,2.0,23.49,4734.37,1,15.53,15.69,4.4,FINANCE - HOUSING
79,http://www.moneycontrol.com/india/stockpricequote/financegeneral/capitalfirst/FCH,FCH,financegeneral,capitalfirst,257.66,28.0,0.48,33.04,10.0,36.62,5750.03,1,16.2,17.58,2.25,FINANCE - GENERAL
80,http://www.moneycontrol.com/india/stockpricequote/pharmaceuticals/caplinpointlaboratories/CPL,CPL,pharmaceuticals,caplinpointlaboratories,39.43,75.0,0.32,13.53,2.0,29.05,3548.07,1,29.26,34.69,11.9,PHARMACEUTICALS
81,http://www.moneycontrol.com/india/stockpricequote/abrasives/carborundumuniversal/CU,CU,abrasives,carborundumuniversal,63.41,175.0,0.53,7.59,1.0,41.14,6236.61,1,28.69,43.47,5.2,ABRASIVES
82,http://www.moneycontrol.com/india/stockpricequote/miscellaneous/creditanalysisresearch/CAR,CAR,miscellaneous,creditanalysisresearch,224.04,280.0,2.06,54.66,10.0,51.31,4006.73,1,24.43,24.88,6.07,MISCELLANEOUS
83,http://www.moneycontrol.com/india/stockpricequote/lubricants/castrolindia/CI01,CI01,lubricants,castrolindia,10.31,140.0,4.11,7.02,5.0,26.3,16854.65,1,22.78,24.27,16.53,LUBRICANTS
84,http://www.moneycontrol.com/india/stockpricequote/plantationsteacoffee/cclproductsindia/CC10,CC10,plantationsteacoffee,cclproductsindia,48.35,175.0,1.25,7.35,2.0,32.14,3724.12,1,34.18,38.09,5.79,PLANTATIONS - TEA & COFFEE
85,http://www.moneycontrol.com/india/stockpricequote/tyres/ceat/C07,C07,tyres,ceat,639.03,115.0,0.86,69.09,10.0,27.04,5404.33,1,12.25,19.34,2.09,TYRES
87,http://www.moneycontrol.com/india/stockpricequote/diversified/centurytextilesindustries/CTI,CTI,diversified,centurytextilesindustries,255.47,55.0,0.6,33.27,10.0,22.07,10211.78,1,14.9,27.48,3.58,DIVERSIFIED
88,http://www.moneycontrol.com/india/stockpricequote/miscellaneous/centuryplyboards/CP9,CP9,miscellaneous,centuryplyboards,31.84,100.0,0.38,7.04,1.0,39.23,5805.73,1,24.43,37.06,8.19,MISCELLANEOUS
89,http://www.moneycontrol.com/india/stockpricequote/ceramicsgranite/cerasanitaryware/CS18,CS18,ceramicsgranite,cerasanitaryware,478.75,240.0,0.41,77.08,5.0,25.51,3797.72,1,30.97,37.88,6.1,CERAMICS & GRANITE
90,http://www.moneycontrol.com/india/stockpricequote/powergenerationdistribution/cesc/CES,CES,powergenerationdistribution,cesc,1070.79,100.0,1.01,65.71,10.0,11.73,13162.91,1,10.09,15.11,0.93,POWER - GENERATION & DISTRIBUTION
91,http://www.moneycontrol.com/india/stockpricequote/electricals/cromptongreavesconsumerelectrical/CGC01,CGC01,electricals,cromptongreavesconsumerelectrical,13.77,0.0,,5.17,2.0,47.97,13962.21,1,41.48,43.09,16.18,ELECTRICALS
93,http://www.moneycontrol.com/india/stockpricequote/fertilisers/chambalfertiliserschemicals/CFC,CFC,fertilisers,chambalfertiliserschemicals,72.45,19.0,1.18,11.54,10.0,14.8,6719.68,1,12.37,13.99,2.23,FERTILISERS
94,http://www.moneycontrol.com/india/stockpricequote/refineries/chennaipetroleumcorporation/CPC02,CPC02,refineries,chennaipetroleumcorporation,283.84,210.0,6.99,61.31,10.0,8.41,4476.28,1,3.57,4.9,1.06,REFINERIES
95,http://www.moneycontrol.com/india/stockpricequote/financeleasinghirepurchase/cholamandalaminvestmentfinancecompany/CDB,CDB,financeleasinghirepurchase,cholamandalaminvestmentfinancecompany,338.17,55.0,0.34,62.31,10.0,36.62,25254.92,1,24.67,25.93,4.78,FINANCE - LEASING & HIRE PURCHASE
96,http://www.moneycontrol.com/india/stockpricequote/pharmaceuticals/cipla/C,C,pharmaceuticals,cipla,177.23,100.0,0.33,18.24,2.0,29.05,49277.7,1,24.66,33.55,3.45,PHARMACEUTICALS
97,http://www.moneycontrol.com/india/stockpricequote/banksprivatesector/cityunionbank/CUB,CUB,banksprivatesector,cityunionbank,53.49,30.0,0.16,8.9,1.0,32.64,12448.75,1,21.0,21.02,3.5,BANKS - PRIVATE SECTOR
98,http://www.moneycontrol.com/india/stockpricequote/miningminerals/coalindia/CI11,CI11,miningminerals,coalindia,37.4,199.0,7.13,14.97,10.0,15.1,173217.75,1,18.6,18.64,7.46,MINING & MINERALS
100,http://www.moneycontrol.com/india/stockpricequote/personalcare/colgatepalmoliveindia/CPI,CPI,personalcare,colgatepalmoliveindia,71.59,1000.0,0.82,24.76,1.0,66.23,33145.53,1,39.94,49.22,17.02,PERSONAL CARE
101,http://www.moneycontrol.com/india/stockpricequote/transportlogistics/containercorporationindia/CCI,CCI,transportlogistics,containercorporationindia,332.59,171.0,1.35,43.04,10.0,25.25,30762.05,1,21.34,29.33,3.8,TRANSPORT & LOGISTICS
102,http://www.moneycontrol.com/india/stockpricequote/fertilisers/coromandelinternational/CI45,CI45,fertilisers,coromandelinternational,118.72,500.0,1.19,22.55,1.0,14.8,12300.39,1,16.26,18.65,3.54,FERTILISERS
104,http://www.moneycontrol.com/india/stockpricequote/miscellaneous/coxkings/CK,CK,miscellaneous,coxkings,171.74,20.0,0.47,9.97,5.0,21.95,3773.19,1,18.23,21.43,1.24,MISCELLANEOUS
105,http://www.moneycontrol.com/india/stockpricequote/miscellaneous/crisil/CRI,CRI,miscellaneous,crisil,113.04,2800.0,1.58,33.16,1.0,51.31,12739.27,1,47.78,53.5,15.69,MISCELLANEOUS
106,http://www.moneycontrol.com/india/stockpricequote/engines/cumminsindia/CI02,CI02,engines,cumminsindia,160.56,700.0,2.03,25.56,2.0,25.13,19072.75,1,23.78,26.92,4.29,ENGINES
107,http://www.moneycontrol.com/india/stockpricequote/computerssoftware/cyient/IE07,IE07,computerssoftware,cyient,202.3,210.0,1.44,35.59,5.0,21.82,8219.09,1,18.16,20.45,3.6,COMPUTERS - SOFTWARE
108,http://www.moneycontrol.com/india/stockpricequote/personalcare/daburindia/DI,DI,personalcare,daburindia,26.78,225.0,0.59,6.07,1.0,66.23,67718.58,1,57.65,63.16,14.32,PERSONAL CARE
109,http://www.moneycontrol.com/india/stockpricequote/cementmajor/dalmiabharat/DBE,DBE,cementmajor,dalmiabharat,166.2,0.0,,8.87,2.0,90.8,22669.9,1,268.23,286.67,15.3,CEMENT - MAJOR
110,http://www.moneycontrol.com/india/stockpricequote/mediaentertainment/dbcorp/C13,C13,mediaentertainment,dbcorp,86.88,40.0,1.51,17.63,10.0,15.58,4865.32,1,11.68,14.99,3.04,MEDIA & ENTERTAINMENT
111,http://www.moneycontrol.com/india/stockpricequote/banksprivatesector/dcbbank/DCB01,DCB01,banksprivatesector,dcbbank,82.92,7.5,0.42,7.96,10.0,32.64,5522.34,1,18.49,22.51,2.16,BANKS - PRIVATE SECTOR
112,http://www.moneycontrol.com/india/stockpricequote/diversified/dcmshriram/DCM02,DCM02,diversified,dcmshriram,198.77,290.0,1.9,42.39,2.0,22.07,4968.31,1,6.01,7.22,1.54,DIVERSIFIED
113,http://www.moneycontrol.com/india/stockpricequote/fertilisers/deepakfertilizerspetrochemicalscoprn/DFP,DFP,fertilisers,deepakfertilizerspetrochemicalscoprn,208.9,60.0,2.09,12.16,10.0,14.8,2528.84,1,16.03,23.58,1.37,FERTILISERS
114,http://www.moneycontrol.com/india/stockpricequote/constructioncontractingrealestate/deltacorp/DC11,DC11,constructioncontractingrealestate,deltacorp,39.69,35.0,0.14,3.91,1.0,39.36,6579.94,1,55.25,62.88,6.19,CONSTRUCTION & CONTRACTING - REAL ESTATE
117,http://www.moneycontrol.com/india/stockpricequote/financehousing/dewanhousingfinancecorporation/DHF,DHF,financehousing,dewanhousingfinancecorporation,280.42,55.0,0.88,37.37,10.0,23.49,19622.5,1,16.36,16.74,2.23,FINANCE - HOUSING
118,http://www.moneycontrol.com/india/stockpricequote/pesticidesagrochemicals/dhanukaagritech/DA01,DA01,pesticidesagrochemicals,dhanukaagritech,131.63,30.0,0.1,25.71,2.0,39.1,2953.53,1,21.04,23.41,4.57,PESTICIDES & AGRO CHEMICALS
119,http://www.moneycontrol.com/india/stockpricequote/constructioncontractingcivil/dilipbuildcon/DB04,DB04,constructioncontractingcivil,dilipbuildcon,180.83,10.0,0.12,45.35,10.0,30.6,11391.55,1,12.72,18.37,4.61,CONSTRUCTION & CONTRACTING - CIVIL
121,http://www.moneycontrol.com/india/stockpricequote/pharmaceuticals/divislaboratories/DL03,DL03,pharmaceuticals,divislaboratories,236.51,500.0,0.91,32.76,2.0,29.05,29229.42,1,28.88,33.61,4.66,PHARMACEUTICALS
122,http://www.moneycontrol.com/india/stockpricequote/constructioncontractingrealestate/dlf/D04,D04,constructioncontractingrealestate,dlf,84.46,100.0,1.0,2.05,2.0,30.6,35637.1,1,71.59,97.44,2.37,CONSTRUCTION & CONTRACTING - REAL ESTATE
123,http://www.moneycontrol.com/india/stockpricequote/pharmaceuticals/drlalpathlabs/DLP01,DLP01,pharmaceuticals,drlalpathlabs,95.18,30.0,0.34,20.16,10.0,48.56,7293.64,1,36.65,43.41,9.19,PHARMACEUTICALS
124,http://www.moneycontrol.com/india/stockpricequote/pharmaceuticals/drreddyslaboratories/DRL,DRL,pharmaceuticals,drreddyslaboratories,698.95,400.0,0.85,34.16,5.0,29.05,39021.97,1,29.1,68.83,3.36,PHARMACEUTICALS
125,http://www.moneycontrol.com/india/stockpricequote/computerssoftwaremediumsmall/eclerxservices/eS06,eS06,computerssoftwaremediumsmall,eclerxservices,356.28,10.0,0.08,72.0,10.0,23.52,5023.13,1,16.32,18.06,3.65,COMPUTERS - SOFTWARE MEDIUM & SMALL
126,http://www.moneycontrol.com/india/stockpricequote/financegeneral/edelweissfinancialservices/EC01,EC01,financegeneral,edelweissfinancialservices,18.8,130.0,0.41,1.56,1.0,36.62,28964.29,1,197.44,202.5,16.8,FINANCE - GENERAL
127,http://www.moneycontrol.com/india/stockpricequote/autolcvshcvs/eichermotors/EM,EM,autolcvshcvs,eichermotors,2067.67,1000.0,0.34,628.46,10.0,37.26,80421.31,1,41.56,46.95,14.27,AUTO - LCVS & HCVS
128,http://www.moneycontrol.com/india/stockpricequote/sugar/eidparryindia/EID,EID,sugar,eidparryindia,89.19,400.0,1.79,5.71,1.0,10.33,3962.03,1,18.52,39.2,2.51,SUGAR
129,http://www.moneycontrol.com/india/stockpricequote/hotels/eih/EIH,EIH,hotels,eih,46.74,45.0,0.52,1.96,2.0,69.32,9951.02,1,44.99,88.83,3.72,HOTELS
130,http://www.moneycontrol.com/india/stockpricequote/compressors/elgiequipments/EE01,EE01,compressors,elgiequipments,38.98,100.0,0.37,4.85,1.0,32.28,4227.57,1,37.31,55.01,6.84,COMPRESSORS
131,http://www.moneycontrol.com/india/stockpricequote/personalcare/emami/E06,E06,personalcare,emami,89.09,700.0,0.63,13.64,1.0,66.23,25071.98,1,40.78,80.99,12.4,PERSONAL CARE
132,http://www.moneycontrol.com/india/stockpricequote/auto23wheelers/endurancetechnologies/ET01,ET01,auto23wheelers,endurancetechnologies,130.43,25.0,0.2,19.31,10.0,39.04,17876.14,1,40.51,65.81,9.74,AUTO - 2 & 3 WHEELERS
133,http://www.moneycontrol.com/india/stockpricequote/infrastructuregeneral/engineersindia/EI14,EI14,infrastructuregeneral,engineersindia,49.58,60.0,2.31,5.98,5.0,29.04,8221.17,1,20.46,21.76,2.62,INFRASTRUCTURE - GENERAL
134,http://www.moneycontrol.com/india/stockpricequote/mediaentertainment/entertainmentnetworkindia/ENI,ENI,mediaentertainment,entertainmentnetworkindia,186.66,10.0,0.15,7.38,10.0,35.36,3176.99,1,32.21,90.3,3.57,MEDIA & ENTERTAINMENT
135,http://www.moneycontrol.com/india/stockpricequote/financegeneral/equitasholdings/EH03,EH03,financegeneral,equitasholdings,49.41,0.0,,0.16,10.0,36.62,5145.75,1,839.17,944.06,3.06,FINANCE - GENERAL
136,http://www.moneycontrol.com/india/stockpricequote/mediaentertainment/erosinternationalmedia/EIM,EIM,mediaentertainment,erosinternationalmedia,142.12,0.0,,8.1,10.0,35.36,1258.74,1,15.14,16.34,0.93,MEDIA & ENTERTAINMENT
137,http://www.moneycontrol.com/india/stockpricequote/autotractors/escorts/E,E,autotractors,escorts,190.56,15.0,0.16,28.12,10.0,29.77,11228.65,1,26.91,32.58,4.81,AUTO - TRACTORS
138,http://www.moneycontrol.com/india/stockpricequote/packaging/esselpropack/EP11,EP11,packaging,esselpropack,41.65,120.0,0.97,5.16,2.0,24.28,3909.11,1,26.1,48.2,5.97,PACKAGING
139,http://www.moneycontrol.com/india/stockpricequote/drycells/evereadyindustriesindia/EII02,EII02,drycells,evereadyindustriesindia,47.36,20.0,0.4,7.53,5.0,20.97,1815.73,1,24.54,33.17,5.27,DRY CELLS
140,http://www.moneycontrol.com/india/stockpricequote/autoancillaries/exideindustries/EI,EI,autoancillaries,exideindustries,66.26,240.0,0.96,7.86,1.0,30.46,21309.5,1,23.3,31.9,3.78,AUTO ANCILLARIES
141,http://www.moneycontrol.com/india/stockpricequote/pharmaceuticals/fdc/FDC,FDC,pharmaceuticals,fdc,82.09,225.0,0.89,9.65,1.0,29.05,4400.19,1,21.64,26.15,3.07,PHARMACEUTICALS
142,http://www.moneycontrol.com/india/stockpricequote/banksprivatesector/federalbank/FB,FB,banksprivatesector,federalbank,45.47,45.0,1.07,4.44,2.0,32.64,16602.16,1,18.91,18.91,1.85,BANKS - PRIVATE SECTOR
143,http://www.moneycontrol.com/india/stockpricequote/cablestelephone/finolexcables/FC01,FC01,cablestelephone,finolexcables,146.18,150.0,0.45,23.42,2.0,31.64,10287.47,1,25.6,28.72,4.6,CABLES - TELEPHONE
144,http://www.moneycontrol.com/india/stockpricequote/petrochemicals/finolexindustries/FI,FI,petrochemicals,finolexindustries,208.71,115.0,1.93,24.06,10.0,26.73,7377.47,1,20.54,24.71,2.85,PETROCHEMICALS
145,http://www.moneycontrol.com/india/stockpricequote/computerssoftwaremediumsmall/firstsourcesolutions/FS07,FS07,computerssoftwaremediumsmall,firstsourcesolutions,29.16,0.0,,2.79,10.0,23.52,5658.78,1,26.52,29.46,2.82,COMPUTERS - SOFTWARE MEDIUM & SMALL
146,http://www.moneycontrol.com/india/stockpricequote/autolcvshcvs/forcemotors/FM01,FM01,autolcvshcvs,forcemotors,1375.47,100.0,0.37,111.53,10.0,37.26,3599.1,1,13.03,24.49,1.99,AUTO - LCVS & HCVS
148,http://www.moneycontrol.com/india/stockpricequote/foodprocessing/futureconsumer/FVI,FVI,foodprocessing,futureconsumer,6.78,0.0,,0.17,6.0,39.36,10295.35,1,179.33,316.47,7.94,FOOD PROCESSING
149,http://www.moneycontrol.com/india/stockpricequote/retail/futurelifestylefashions/FLF01,FLF01,retail,futurelifestylefashions,93.56,40.0,0.19,5.8,2.0,74.38,8220.85,1,31.64,74.34,4.61,RETAIL
150,http://www.moneycontrol.com/india/stockpricequote/retail/futureretail/FR,FR,retail,futureretail,51.17,0.0,,0.41,2.0,151.28,27939.22,1,378.23,1356.1,10.87,RETAIL
151,http://www.moneycontrol.com/india/stockpricequote/oildrillingandexploration/gailindia/GAI,GAI,oildrillingandexploration,gailindia,169.17,112.0,3.34,20.48,10.0,11.73,75544.88,1,12.52,16.36,1.98,OIL DRILLING AND EXPLORATION
152,http://www.moneycontrol.com/india/stockpricequote/miscellaneous/gatewaydistriparks/GD01,GD01,miscellaneous,gatewaydistriparks,74.05,70.0,3.93,3.5,10.0,39.36,1936.45,1,31.08,50.89,2.41,MISCELLANEOUS
153,http://www.moneycontrol.com/india/stockpricequote/couriers/gati/G04,G04,couriers,gati,58.33,40.0,0.89,3.18,2.0,52.73,971.76,1,24.68,28.18,1.54,COURIERS
154,http://www.moneycontrol.com/india/stockpricequote/constructioncontractingcivil/gayatriprojects/GP10,GP10,constructioncontractingcivil,gayatriprojects,49.74,0.0,,10.05,2.0,30.6,3280.66,1,13.51,17.44,3.52,CONSTRUCTION & CONTRACTING - CIVIL
155,http://www.moneycontrol.com/india/stockpricequote/powertransmissionequipment/gepowerindia/AP29,AP29,powertransmissionequipment,gepowerindia,127.48,30.0,0.36,3.95,10.0,14.41,5581.22,1,72.13,210.18,6.51,POWER - TRANSMISSION & EQUIPMENT
156,http://www.moneycontrol.com/india/stockpricequote/shipping/greateasternshippingcompany/GES,GES,shipping,greateasternshippingcompany,352.99,101.0,3.18,10.62,10.0,18.22,4794.71,1,7.36,29.94,0.9,SHIPPING
157,http://www.moneycontrol.com/india/stockpricequote/powertransmissionequipment/getdindia/ATD,ATD,powertransmissionequipment,getdindia,48.49,90.0,0.58,8.15,2.0,14.41,7908.0,1,26.49,37.9,6.37,POWER - TRANSMISSION & EQUIPMENT
158,http://www.moneycontrol.com/india/stockpricequote/financehousing/gichousingfinance/GIC,GIC,financehousing,gichousingfinance,189.9,50.0,1.3,34.25,10.0,23.49,2072.19,1,11.2,11.24,2.03,FINANCE - HOUSING
159,http://www.moneycontrol.com/india/stockpricequote/personalcare/gilletteindia/GI22,GI22,personalcare,gilletteindia,153.63,1640.0,2.51,71.23,10.0,66.23,21283.03,1,78.69,91.7,42.51,PERSONAL CARE
160,http://www.moneycontrol.com/india/stockpricequote/foodprocessing/glaxosmithklineconsumerhealthcare/GSC04,GSC04,foodprocessing,glaxosmithklineconsumerhealthcare,908.98,700.0,1.13,166.47,10.0,64.74,25968.45,1,33.97,37.09,6.79,FOOD PROCESSING
161,http://www.moneycontrol.com/india/stockpricequote/pharmaceuticals/glaxosmithklinepharmaceuticals/GSK,GSK,pharmaceuticals,glaxosmithklinepharmaceuticals,281.0,300.0,1.09,41.55,10.0,29.05,23247.59,1,59.61,66.06,9.77,PHARMACEUTICALS
162,http://www.moneycontrol.com/india/stockpricequote/pharmaceuticals/glenmarkpharma/GP08,GP08,pharmaceuticals,glenmarkpharma,370.38,200.0,0.34,35.95,1.0,29.05,16533.64,1,14.6,16.3,1.58,PHARMACEUTICALS
164,http://www.moneycontrol.com/india/stockpricequote/fertilisers/gujaratnarmadavalleyfertilizerschemicals/GNV,GNV,fertilisers,gujaratnarmadavalleyfertilizerschemicals,295.4,50.0,1.07,50.8,10.0,14.8,7281.37,1,6.87,9.22,1.59,FERTILISERS
165,http://www.moneycontrol.com/india/stockpricequote/cigarettes/godfreyphillipsindia/GPI,GPI,cigarettes,godfreyphillipsindia,337.08,400.0,1.09,30.92,2.0,28.93,3820.25,1,14.9,23.76,2.18,CIGARETTES
166,http://www.moneycontrol.com/india/stockpricequote/personalcare/godrejconsumerproducts/GCP,GCP,personalcare,godrejconsumerproducts,64.55,1500.0,1.29,14.68,1.0,66.23,79245.44,1,74.56,79.23,18.02,PERSONAL CARE
167,http://www.moneycontrol.com/india/stockpricequote/personalcare/godrejindustries/GI23,GI23,personalcare,godrejindustries,55.22,175.0,0.28,7.18,1.0,66.23,20687.43,1,66.7,85.65,11.14,PERSONAL CARE
168,http://www.moneycontrol.com/india/stockpricequote/constructioncontractingrealestate/godrejproperties/GP11,GP11,constructioncontractingrealestate,godrejproperties,95.58,0.0,,9.17,5.0,30.6,17532.73,1,77.94,83.38,8.0,CONSTRUCTION & CONTRACTING - REAL ESTATE
169,http://www.moneycontrol.com/india/stockpricequote/pharmaceuticals/granulesindia/GI25,GI25,pharmaceuticals,granulesindia,40.42,25.0,0.28,5.48,1.0,29.05,2260.42,1,10.51,16.25,2.2,PHARMACEUTICALS
170,http://www.moneycontrol.com/india/stockpricequote/diversified/grasimindustries/GI01,GI01,diversified,grasimindustries,247.47,275.0,0.53,26.9,2.0,22.07,67808.36,1,28.3,38.34,4.17,DIVERSIFIED
171,http://www.moneycontrol.com/india/stockpricequote/engines/greavescotton/GC20,GC20,engines,greavescotton,46.01,275.0,4.13,8.3,2.0,25.13,3251.61,1,12.75,16.04,2.89,ENGINES
172,http://www.moneycontrol.com/india/stockpricequote/miscellaneous/greenplyindustries/GI19,GI19,miscellaneous,greenplyindustries,75.25,60.0,0.24,11.07,1.0,28.52,3054.65,1,16.92,22.5,3.31,MISCELLANEOUS
173,http://www.moneycontrol.com/india/stockpricequote/abrasives/grindwellnorton/GN,GN,abrasives,grindwellnorton,93.18,80.0,0.76,13.29,5.0,41.14,5811.14,1,30.69,39.49,5.63,ABRASIVES
174,http://www.moneycontrol.com/india/stockpricequote/financehousing/gruhfinance/GRU,GRU,financehousing,gruhfinance,18.88,165.0,1.02,4.96,2.0,23.49,23592.6,1,64.51,65.03,17.08,FINANCE - HOUSING
175,http://www.moneycontrol.com/india/stockpricequote/fertilisers/gujaratstatefertilizerschemicals/GSF,GSF,fertilisers,gujaratstatefertilizerschemicals,176.95,110.0,1.93,11.94,2.0,14.8,4542.64,1,7.64,9.55,0.64,FERTILISERS
176,http://www.moneycontrol.com/india/stockpricequote/chemicals/gujaratalkalieschemicals/GAC01,GAC01,chemicals,gujaratalkalieschemicals,529.95,50.0,0.84,72.85,10.0,9.86,4391.53,1,6.63,8.21,1.13,CHEMICALS
177,http://www.moneycontrol.com/india/stockpricequote/chemicals/gujaratfluorochemicals/GF07,GF07,chemicals,gujaratfluorochemicals,320.78,350.0,0.47,44.36,1.0,24.63,8232.71,1,12.87,16.89,2.34,CHEMICALS
178,http://www.moneycontrol.com/india/stockpricequote/chemicals/gujaratheavychemicals/GHC,GHC,chemicals,gujaratheavychemicals,166.48,50.0,1.83,37.41,10.0,9.86,2659.17,1,5.61,7.3,1.64,CHEMICALS
179,http://www.moneycontrol.com/india/stockpricequote/miningminerals/gujaratmineraldevelopmentcorporation/GMD,GMD,miningminerals,gujaratmineraldevelopmentcorporation,138.68,150.0,2.4,13.67,2.0,15.1,3973.41,1,7.27,9.14,0.9,MINING & MINERALS
180,http://www.moneycontrol.com/india/stockpricequote/oildrillingandexploration/gujaratstatepetronet/GSP02,GSP02,oildrillingandexploration,gujaratstatepetronet,91.6,15.0,0.8,11.86,10.0,15.5,10557.78,1,12.52,15.79,2.04,OIL DRILLING AND EXPLORATION
181,http://www.moneycontrol.com/india/stockpricequote/oildrillingandexploration/gujaratgas/GGC,GGC,oildrillingandexploration,gujaratgas,140.64,30.0,0.37,21.16,10.0,26.07,11308.87,1,20.08,38.82,5.84,OIL DRILLING AND EXPLORATION
182,http://www.moneycontrol.com/india/stockpricequote/shipping/gujaratpipavavport/GPP03,GPP03,shipping,gujaratpipavavport,45.88,38.0,3.28,4.11,10.0,20.06,5598.23,1,18.53,28.18,2.52,SHIPPING
183,http://www.moneycontrol.com/india/stockpricequote/lubricants/gulfoillubricantsindia/GOL01,GOL01,lubricants,gulfoillubricantsindia,103.07,425.0,0.98,31.9,2.0,26.3,4297.3,1,25.43,27.11,8.39,LUBRICANTS
184,http://www.moneycontrol.com/india/stockpricequote/mediaentertainment/hathwaycabledatacom/HCD,HCD,mediaentertainment,hathwaycabledatacom,12.71,0.0,,0.94,2.0,35.36,2420.89,1,13.82,31.01,2.29,MEDIA & ENTERTAINMENT
185,http://www.moneycontrol.com/india/stockpricequote/foodprocessing/hatsunagroproducts/HAP,HAP,foodprocessing,hatsunagroproducts,59.73,400.0,0.57,5.62,1.0,64.74,11383.0,1,43.03,125.28,11.79,FOOD PROCESSING
186,http://www.moneycontrol.com/india/stockpricequote/electricequipment/havellsindia/HI01,HI01,electricequipment,havellsindia,63.73,350.0,0.63,11.39,1.0,47.97,34691.85,1,40.72,48.7,8.7,ELECTRIC EQUIPMENT
188,http://www.moneycontrol.com/india/stockpricequote/computerssoftware/hcltechnologies/HCL02,HCL02,computerssoftware,hcltechnologies,186.49,600.0,1.27,52.87,2.0,21.82,131914.73,1,15.98,17.92,5.08,COMPUTERS - SOFTWARE
189,http://www.moneycontrol.com/india/stockpricequote/financehousing/housingdevelopmentfinancecorporation/HDF,HDF,financehousing,housingdevelopmentfinancecorporation,235.77,900.0,0.98,72.45,2.0,23.49,307783.45,1,25.18,25.28,7.77,FINANCE - HOUSING
190,http://www.moneycontrol.com/india/stockpricequote/banksprivatesector/hdfcbank/HDF01,HDF01,banksprivatesector,hdfcbank,408.32,650.0,0.64,67.17,2.0,32.64,528652.06,1,28.74,30.23,4.97,BANKS - PRIVATE SECTOR
191,http://www.moneycontrol.com/india/stockpricequote/constructioncontractingrealestate/housingdevelopmentinfrastructure/HDI,HDI,constructioncontractingrealestate,housingdevelopmentinfrastructure,263.04,0.0,,2.2,10.0,30.6,993.87,1,9.74,10.41,0.09,CONSTRUCTION & CONTRACTING - REAL ESTATE
192,http://www.moneycontrol.com/india/stockpricequote/cementmajor/heidelbergcementindia/HCI02,HCI02,cementmajor,heidelbergcementindia,48.55,0.0,,5.88,10.0,36.29,3093.27,1,13.2,23.21,2.81,CEMENT - MAJOR
193,http://www.moneycontrol.com/india/stockpricequote/foodprocessing/heritagefoods/HFI,HFI,foodprocessing,heritagefoods,78.42,40.0,0.29,11.22,5.0,64.74,3210.51,1,36.06,61.67,8.82,FOOD PROCESSING
194,http://www.moneycontrol.com/india/stockpricequote/auto23wheelers/heromotocorp/HHM,HHM,auto23wheelers,heromotocorp,691.43,4250.0,2.3,185.14,2.0,22.15,73676.55,1,17.32,19.93,5.34,AUTO - 2 & 3 WHEELERS
195,http://www.moneycontrol.com/india/stockpricequote/computerssoftware/hexawaretechnologies/HT02,HT02,computerssoftware,hexawaretechnologies,51.93,200.0,0.9,13.92,2.0,21.82,13223.01,1,28.59,32.0,8.58,COMPUTERS - SOFTWARE
196,http://www.moneycontrol.com/india/stockpricequote/telecommunicationsequipment/himachalfuturisticcommunication/HFC,HFC,telecommunicationsequipment,himachalfuturisticcommunication,9.67,0.0,,1.25,1.0,37.77,4120.93,1,24.09,26.6,3.44,TELECOMMUNICATIONS - EQUIPMENT
197,http://www.moneycontrol.com/india/stockpricequote/textilessyntheticsilk/himatsingkaseide/HS,HS,textilessyntheticsilk,himatsingkaseide,129.27,50.0,0.75,20.93,5.0,13.5,3299.79,1,12.63,16.01,2.59,TEXTILES - SYNTHETIC & SILK
198,http://www.moneycontrol.com/india/stockpricequote/constructioncontractingcivil/hindustanconstructioncompany/HCC,HCC,constructioncontractingcivil,hindustanconstructioncompany,27.26,0.0,,0.76,1.0,30.6,1476.48,1,7.38,19.13,0.53,CONSTRUCTION & CONTRACTING - CIVIL
199,http://www.moneycontrol.com/india/stockpricequote/metalsnonferrous/hindustancopper/HC07,HC07,metalsnonferrous,hindustancopper,16.72,0.0,,0.86,5.0,22.18,6615.31,1,27.08,83.14,4.28,METALS - NON FERROUS
200,http://www.moneycontrol.com/india/stockpricequote/metalsnonferrous/hindustanzinc/HZ,HZ,metalsnonferrous,hindustanzinc,94.86,1470.0,9.66,21.67,2.0,13.77,128639.84,1,12.09,14.05,3.21,METALS - NON FERROUS
201,http://www.moneycontrol.com/india/stockpricequote/aluminium/hindalcoindustries/HI,HI,aluminium,hindalcoindustries,210.84,110.0,0.46,6.4,1.0,24.7,53308.76,1,17.46,37.1,1.13,ALUMINIUM
202,http://www.moneycontrol.com/india/stockpricequote/telecommunicationsequipment/honeywellautomation/HA04,HA04,telecommunicationsequipment,honeywellautomation,1617.38,100.0,0.05,282.45,10.0,37.67,16210.67,1,61.19,64.91,11.34,TELECOMMUNICATIONS - EQUIPMENT
203,http://www.moneycontrol.com/india/stockpricequote/refineries/hindustanpetroleumcorporation/HPC,HPC,refineries,hindustanpetroleumcorporation,120.46,300.0,9.8,41.72,10.0,8.41,46659.45,1,5.12,7.34,2.54,REFINERIES
204,http://www.moneycontrol.com/india/stockpricequote/ceramicsgranite/hsil/HSI02,HSI02,ceramicsgranite,hsil,210.91,200.0,1.17,10.34,2.0,25.51,2478.68,1,13.13,33.16,1.63,CERAMICS & GRANITE
205,http://www.moneycontrol.com/india/stockpricequote/personalcare/hindustanunilever/HU,HU,personalcare,hindustanunilever,32.69,2000.0,1.23,24.19,1.0,66.23,350929.0,1,61.41,67.02,49.59,PERSONAL CARE
206,http://www.moneycontrol.com/india/stockpricequote/banksprivatesector/icicibank/ICI02,ICI02,banksprivatesector,icicibank,150.7,125.0,0.89,10.54,2.0,32.64,181540.06,1,26.78,26.78,1.87,BANKS - PRIVATE SECTOR
207,http://www.moneycontrol.com/india/stockpricequote/financegeneral/iciciprudentiallifeinsurancecompany/IPL01,IPL01,financegeneral,iciciprudentiallifeinsurancecompany,47.81,78.0,1.95,11.28,10.0,57.66,57501.16,1,35.51,35.51,8.38,FINANCE - GENERAL
208,http://www.moneycontrol.com/india/stockpricequote/miscellaneous/icra/ICR,ICR,miscellaneous,icra,559.34,270.0,0.81,101.3,10.0,51.31,3287.89,1,31.93,32.77,5.94,MISCELLANEOUS
211,http://www.moneycontrol.com/india/stockpricequote/financetermlendinginstitutions/idfc/IDF,IDF,financetermlendinginstitutions,idfc,61.38,0.0,,0.93,10.0,5.8,7957.83,1,51.93,53.6,0.81,FINANCE - TERM LENDING INSTITUTIONS
212,http://www.moneycontrol.com/india/stockpricequote/banksprivatesector/idfcbank/IDF01,IDF01,banksprivatesector,idfcbank,45.65,7.5,1.73,2.52,10.0,32.64,14722.76,1,14.42,17.16,0.95,BANKS - PRIVATE SECTOR
214,http://www.moneycontrol.com/india/stockpricequote/oildrillingandexploration/indraprasthagas/IG04,IG04,oildrillingandexploration,indraprasthagas,51.39,85.0,0.65,9.58,2.0,32.84,18413.52,1,21.61,27.46,5.12,OIL DRILLING AND EXPLORATION
215,http://www.moneycontrol.com/india/stockpricequote/financegeneral/iiflholdings/II15,II15,financegeneral,iiflholdings,47.01,225.0,0.62,6.41,2.0,36.62,23067.86,1,112.62,112.8,15.38,FINANCE - GENERAL
216,http://www.moneycontrol.com/india/stockpricequote/infrastructuregeneral/ilandfstransportationnetworks/ITN,ITN,infrastructuregeneral,ilandfstransportationnetworks,93.66,20.0,4.12,7.65,10.0,25.25,1598.75,1,5.83,6.35,0.52,INFRASTRUCTURE - GENERAL
217,http://www.moneycontrol.com/india/stockpricequote/cementmajor/indiacements/IC,IC,cementmajor,indiacements,165.25,10.0,0.87,3.25,10.0,36.29,3573.76,1,10.02,35.55,0.7,CEMENT - MAJOR
218,http://www.moneycontrol.com/india/stockpricequote/financehousing/indiabullshousingfinance/IHF01,IHF01,financehousing,indiabullshousingfinance,361.84,1350.0,2.27,83.61,2.0,36.62,50822.14,1,14.14,14.25,3.29,FINANCE - HOUSING
220,http://www.moneycontrol.com/india/stockpricequote/financeinvestments/indiabullsventures/IS13,IS13,financeinvestments,indiabullsventures,42.13,50.0,0.21,0.96,2.0,36.62,26468.08,1,492.58,507.97,11.57,FINANCE - INVESTMENTS
221,http://www.moneycontrol.com/india/stockpricequote/bankspublicsector/indianbank/IB04,IB04,bankspublicsector,indianbank,329.53,0.0,,26.21,10.0,12.43,16891.86,1,11.29,13.42,1.07,BANKS - PUBLIC SECTOR
222,http://www.moneycontrol.com/india/stockpricequote/hotels/indianhotelscompany/IHC,IHC,hotels,indianhotelscompany,34.48,35.0,0.26,1.21,1.0,69.32,15769.57,1,53.25,109.59,3.85,HOTELS
223,http://www.moneycontrol.com/india/stockpricequote/textilesspinningcottonblended/indocountindustries/ICI07,ICI07,textilesspinningcottonblended,indocountindustries,48.51,40.0,1.18,6.64,2.0,14.46,1341.33,1,8.31,10.23,1.4,TEXTILES - SPINNING - COTTON BLENDED
224,http://www.moneycontrol.com/india/stockpricequote/pharmaceuticals/indocoremedies/IR05,IR05,pharmaceuticals,indocoremedies,75.21,80.0,0.8,4.47,2.0,29.05,1832.87,1,16.83,44.5,2.64,PHARMACEUTICALS
225,http://www.moneycontrol.com/india/stockpricequote/banksprivatesector/indusindbank/IIB,IIB,banksprivatesector,indusindbank,397.47,60.0,0.31,60.06,10.0,32.64,118030.67,1,32.73,32.73,4.95,BANKS - PRIVATE SECTOR
226,http://www.moneycontrol.com/india/stockpricequote/miscellaneous/infibeamincorporation/IIL03,IIL03,miscellaneous,infibeamincorporation,12.54,0.0,,0.15,1.0,745.23,10125.19,1,191.0,1018.67,12.19,MISCELLANEOUS
227,http://www.moneycontrol.com/india/stockpricequote/miscellaneous/infoedgeindia/IEI01,IEI01,miscellaneous,infoedgeindia,177.69,45.0,0.36,14.96,10.0,39.36,15231.6,1,74.68,83.51,7.03,MISCELLANEOUS
228,http://www.moneycontrol.com/india/stockpricequote/computerssoftware/infosys/IT,IT,computerssoftware,infosys,290.74,515.0,2.01,73.97,5.0,21.82,279666.55,1,15.92,17.31,4.4,COMPUTERS - SOFTWARE
229,http://www.moneycontrol.com/india/stockpricequote/compressors/ingersollrandindia/IRI01,IRI01,compressors,ingersollrandindia,364.43,60.0,1.05,28.16,10.0,32.28,1809.16,1,17.83,20.35,1.57,COMPRESSORS
230,http://www.moneycontrol.com/india/stockpricequote/mediaentertainment/inoxleisure/INO01,INO01,mediaentertainment,inoxleisure,72.59,0.0,,11.89,10.0,35.36,2553.24,1,12.68,22.26,3.65,MEDIA & ENTERTAINMENT
232,http://www.moneycontrol.com/india/stockpricequote/computerssoftware/intellectdesignarena/IDA,IDA,computerssoftware,intellectdesignarena,55.77,0.0,,2.61,5.0,21.82,2683.65,1,46.28,81.74,3.83,COMPUTERS - SOFTWARE
233,http://www.moneycontrol.com/india/stockpricequote/transportlogistics/interglobeaviation/IA04,IA04,transportlogistics,interglobeaviation,157.24,340.0,2.79,58.33,10.0,19.25,46880.34,1,17.5,20.91,7.76,TRANSPORT & LOGISTICS
235,http://www.moneycontrol.com/india/stockpricequote/refineries/indianoilcorporation/IOC,IOC,refineries,indianoilcorporation,102.81,190.0,11.3,21.98,10.0,8.41,163255.52,1,5.75,7.65,1.64,REFINERIES
236,http://www.moneycontrol.com/india/stockpricequote/pharmaceuticals/ipcalaboratories/IL,IL,pharmaceuticals,ipcalaboratories,214.34,50.0,0.15,18.45,2.0,29.05,8559.09,1,21.0,36.72,3.16,PHARMACEUTICALS
237,http://www.moneycontrol.com/india/stockpricequote/infrastructuregeneral/irbinfrastructuredevelopers/IID01,IID01,infrastructuregeneral,irbinfrastructuredevelopers,83.92,50.0,2.19,12.64,10.0,30.6,8039.42,1,18.1,18.1,2.73,INFRASTRUCTURE - GENERAL
238,http://www.moneycontrol.com/india/stockpricequote/engineeringheavy/isgecheavyengineering/SIS06,SIS06,engineeringheavy,isgecheavyengineering,1692.49,300.0,0.54,161.81,10.0,23.24,4053.28,1,21.78,34.07,3.26,ENGINEERING - HEAVY
239,http://www.moneycontrol.com/india/stockpricequote/cigarettes/itc/ITC,ITC,cigarettes,itc,46.35,475.0,1.8,9.2,1.0,28.93,322803.6,1,26.11,28.75,5.71,CIGARETTES
240,http://www.moneycontrol.com/india/stockpricequote/constructioncontractingcivil/itdcementationindia/ITD03,ITD03,constructioncontractingcivil,itdcementationindia,36.03,40.0,0.28,4.92,1.0,30.6,2460.0,1,17.61,29.11,3.97,CONSTRUCTION & CONTRACTING - CIVIL
241,http://www.moneycontrol.com/india/stockpricequote/constructioncontractingcivil/jkumarinfraprojects/KI01,KI01,constructioncontractingcivil,jkumarinfraprojects,201.62,40.0,0.77,18.05,5.0,30.6,1969.95,1,9.41,14.42,1.29,CONSTRUCTION & CONTRACTING - CIVIL
242,http://www.moneycontrol.com/india/stockpricequote/cementmajor/jkcement/JKC03,JKC03,cementmajor,jkcement,323.51,80.0,0.87,48.89,10.0,36.29,6396.94,1,12.11,18.71,2.83,CEMENT - MAJOR
243,http://www.moneycontrol.com/india/stockpricequote/mediaentertainment/jagranprakashan/JP12,JP12,mediaentertainment,jagranprakashan,62.08,150.0,2.02,8.54,2.0,15.58,4616.68,1,13.25,17.36,2.39,MEDIA & ENTERTAINMENT
244,http://www.moneycontrol.com/india/stockpricequote/steelgpgcsheets/jaicorp/JC08,JC08,steelgpgcsheets,jaicorp,62.13,50.0,0.33,1.37,1.0,60.72,2678.53,1,67.31,109.56,2.42,STEEL - GP & GC SHEETS
245,http://www.moneycontrol.com/india/stockpricequote/plastics/jainirrigationsystems/JIS02,JIS02,plastics,jainirrigationsystems,92.69,37.5,0.77,5.66,2.0,17.69,4854.46,1,10.29,17.28,1.06,PLASTICS
246,http://www.moneycontrol.com/india/stockpricequote/infrastructuregeneral/jaiprakashassociates/JA02,JA02,infrastructuregeneral,jaiprakashassociates,32.52,0.0,,1.45,2.0,30.6,3514.9,1,4.09,9.97,0.44,INFRASTRUCTURE - GENERAL
247,http://www.moneycontrol.com/india/stockpricequote/pharmaceuticals/jbchemicalspharmaceuticals/JBC01,JBC01,pharmaceuticals,jbchemicalspharmaceuticals,181.36,50.0,0.35,15.32,2.0,29.05,2382.58,1,12.95,18.61,1.57,PHARMACEUTICALS
250,http://www.moneycontrol.com/india/stockpricequote/steellarge/jindalstainlesshisar/JSH,JSH,steellarge,jindalstainlesshisar,53.31,0.0,,16.77,2.0,11.58,3784.39,1,5.71,9.56,3.01,STEEL - LARGE
251,http://www.moneycontrol.com/india/stockpricequote/packaging/jindalpolyfilms/JPF01,JPF01,packaging,jindalpolyfilms,422.11,10.0,0.43,3.32,10.0,24.28,1025.26,1,8.79,70.53,0.55,PACKAGING
252,http://www.moneycontrol.com/india/stockpricequote/steeltubespipes/jindalsaw/JS08,JS08,steeltubespipes,jindalsaw,186.07,50.0,1.04,12.07,2.0,19.46,3061.65,1,4.77,7.93,0.51,STEEL - TUBES & PIPES
254,http://www.moneycontrol.com/india/stockpricequote/banksprivatesector/jammukashmirbank/JKB,JKB,banksprivatesector,jammukashmirbank,105.64,0.0,,3.64,1.0,32.64,3215.86,1,15.87,15.87,0.55,BANKS - PRIVATE SECTOR
255,http://www.moneycontrol.com/india/stockpricequote/cementmajor/jklakshmicement/JKL01,JKL01,cementmajor,jklakshmicement,124.55,15.0,0.23,7.14,5.0,36.29,3911.94,1,14.86,46.56,2.67,CEMENT - MAJOR
256,http://www.moneycontrol.com/india/stockpricequote/tyres/jktyreindustries/JKT01,JKT01,tyres,jktyreindustries,75.7,125.0,1.95,1.9,2.0,27.04,2905.48,1,13.32,67.42,1.69,TYRES
257,http://www.moneycontrol.com/india/stockpricequote/financeinvestments/jmfinancial/JMF,JMF,financeinvestments,jmfinancial,20.63,150.0,1.15,1.62,1.0,36.62,10924.13,1,79.42,80.4,6.31,FINANCE - INVESTMENTS
258,http://www.moneycontrol.com/india/stockpricequote/consumergoodswhitegoods/johnsoncontrolshitachiairconditioningindia/HHL,HHL,consumergoodswhitegoods,johnsoncontrolshitachiairconditioningindia,198.28,15.0,0.06,36.83,10.0,20.53,7149.03,1,46.7,71.39,13.26,CONSUMER GOODS - WHITE GOODS
260,http://www.moneycontrol.com/india/stockpricequote/steellarge/jswsteel/JSW01,JSW01,steellarge,jswsteel,118.58,225.0,0.68,19.13,1.0,16.94,80287.98,1,10.45,17.36,2.8,STEEL - LARGE
261,http://www.moneycontrol.com/india/stockpricequote/miscellaneous/jubilantfoodworks/JF04,JF04,miscellaneous,jubilantfoodworks,160.44,25.0,0.09,31.28,10.0,64.74,18215.69,1,50.28,88.25,17.21,MISCELLANEOUS
262,http://www.moneycontrol.com/india/stockpricequote/pharmaceuticals/jubilantlifesciences/JO03,JO03,pharmaceuticals,jubilantlifesciences,144.79,300.0,0.39,16.54,1.0,29.05,12149.97,1,35.1,46.12,5.27,PHARMACEUTICALS
263,http://www.moneycontrol.com/india/stockpricequote/miscellaneous/justdial/JD,JD,miscellaneous,justdial,155.26,0.0,,21.25,10.0,51.31,3827.86,1,21.32,26.73,3.66,MISCELLANEOUS
264,http://www.moneycontrol.com/india/stockpricequote/personalcare/jyothylaboratories/JL,JL,personalcare,jyothylaboratories,44.79,600.0,1.33,8.83,1.0,66.23,8219.82,1,37.87,51.21,10.09,PERSONAL CARE
265,http://www.moneycontrol.com/india/stockpricequote/ceramicsgranite/kajariaceramics/KC06,KC06,ceramicsgranite,kajariaceramics,90.09,300.0,0.57,15.87,1.0,25.51,8342.51,1,26.56,33.07,5.83,CERAMICS & GRANITE
266,http://www.moneycontrol.com/india/stockpricequote/powertransmissionequipment/kalpatarupowertransmission/KPT,KPT,powertransmissionequipment,kalpatarupowertransmission,182.48,100.0,0.47,20.98,2.0,14.41,6547.4,1,16.43,20.34,2.34,POWER - TRANSMISSION & EQUIPMENT
267,http://www.moneycontrol.com/india/stockpricequote/paintsvarnishes/kansainerolacpaints/KNP,KNP,paintsvarnishes,kansainerolacpaints,57.99,260.0,0.52,9.58,1.0,57.09,27002.57,1,45.59,52.3,8.64,PAINTS & VARNISHES
268,http://www.moneycontrol.com/india/stockpricequote/banksprivatesector/karnatakabank/KB04,KB04,banksprivatesector,karnatakabank,181.91,40.0,3.38,11.52,10.0,32.64,3344.39,1,10.27,10.27,0.65,BANKS - PRIVATE SECTOR
269,http://www.moneycontrol.com/india/stockpricequote/miscellaneous/kaveriseedcompany/KSC01,KSC01,miscellaneous,kaveriseedcompany,186.67,0.0,,31.83,2.0,24.93,3698.19,1,15.82,17.58,3.0,MISCELLANEOUS
270,http://www.moneycontrol.com/india/stockpricequote/powertransmissionequipment/kecinternational/KEC04,KEC04,powertransmissionequipment,kecinternational,81.13,80.0,0.44,16.73,2.0,14.41,9275.75,1,17.65,21.57,4.45,POWER - TRANSMISSION & EQUIPMENT
272,http://www.moneycontrol.com/india/stockpricequote/engines/kirloskaroilengines/KOE03,KOE03,engines,kirloskaroilengines,122.17,250.0,1.73,10.38,2.0,25.13,4185.13,1,16.18,27.88,2.37,ENGINES
273,http://www.moneycontrol.com/india/stockpricequote/textilesreadymadeapparels/kitexgarments/KG01,KG01,textilesreadymadeapparels,kitexgarments,68.52,150.0,0.9,10.53,1.0,46.7,1102.57,1,11.8,15.75,2.42,TEXTILES - READYMADE APPARELS
274,http://www.moneycontrol.com/india/stockpricequote/banksprivatesector/kotakmahindrabank/KMB,KMB,banksprivatesector,kotakmahindrabank,196.65,14.0,0.05,21.43,5.0,32.64,255495.82,1,58.23,62.55,6.82,BANKS - PRIVATE SECTOR
275,http://www.moneycontrol.com/india/stockpricequote/computerssoftwaremediumsmall/kpittechnologies/KPI02,KPI02,computerssoftwaremediumsmall,kpittechnologies,78.67,110.0,0.78,8.99,2.0,21.82,5583.29,1,22.33,31.45,3.59,COMPUTERS - SOFTWARE MEDIUM & SMALL
276,http://www.moneycontrol.com/india/stockpricequote/textilesreadymadeapparels/kprmill/M15,M15,textilesreadymadeapparels,kprmill,181.75,15.0,0.12,30.44,5.0,46.7,4591.15,1,13.91,20.41,3.42,TEXTILES - READYMADE APPARELS
277,http://www.moneycontrol.com/india/stockpricequote/foodprocessing/krbl/KRB01,KRB01,foodprocessing,krbl,99.13,210.0,0.41,19.62,1.0,26.9,11929.56,1,22.53,25.83,5.11,FOOD PROCESSING
278,http://www.moneycontrol.com/india/stockpricequote/foodprocessing/kwality/KDI01,KDI01,foodprocessing,kwality,44.33,10.0,0.34,2.95,1.0,64.74,707.17,1,3.6,9.93,0.66,FOOD PROCESSING
279,http://www.moneycontrol.com/india/stockpricequote/financeinvestments/ltfinanceholdings/LFH,LFH,financeinvestments,ltfinanceholdings,38.17,8.0,0.48,1.84,10.0,36.62,32989.83,1,89.84,89.84,4.33,FINANCE - INVESTMENTS
280,http://www.moneycontrol.com/india/stockpricequote/computerssoftware/larsentoubroinfotech/LI12,LI12,computerssoftware,larsentoubroinfotech,173.01,1655.0,0.97,67.42,1.0,21.82,29301.18,1,23.41,25.26,9.84,COMPUTERS - SOFTWARE
281,http://www.moneycontrol.com/india/stockpricequote/computerssoftwaremediumsmall/lttechnologyservices/LTS,LTS,computerssoftwaremediumsmall,lttechnologyservices,197.26,350.0,0.52,47.76,2.0,29.78,13718.37,1,25.08,28.03,6.79,COMPUTERS - SOFTWARE MEDIUM & SMALL
282,http://www.moneycontrol.com/india/stockpricequote/glassglassproducts/laopalarg/LOR,LOR,glassglassproducts,laopalarg,24.65,100.0,0.77,6.62,2.0,41.97,2886.0,1,33.08,39.27,10.55,GLASS & GLASS PRODUCTS
283,http://www.moneycontrol.com/india/stockpricequote/textilesmachinery/lakshmimachineworks/LMW,LMW,textilesmachinery,lakshmimachineworks,1597.23,350.0,0.43,192.98,10.0,23.24,8856.1,1,31.38,41.89,5.06,TEXTILES - MACHINERY
285,http://www.moneycontrol.com/india/stockpricequote/infrastructuregeneral/larsentoubro/LT,LT,infrastructuregeneral,larsentoubro,290.38,1050.0,1.58,38.43,2.0,22.07,186247.55,1,22.66,34.57,4.58,INFRASTRUCTURE - GENERAL
286,http://www.moneycontrol.com/india/stockpricequote/pharmaceuticals/lauruslabs/LL05,LL05,pharmaceuticals,lauruslabs,144.45,15.0,0.3,16.75,10.0,29.05,5290.88,1,17.7,29.79,3.45,PHARMACEUTICALS
287,http://www.moneycontrol.com/india/stockpricequote/financehousing/lichousingfinance/LIC,LIC,financehousing,lichousingfinance,258.92,310.0,1.25,39.42,2.0,23.49,25028.76,1,12.52,12.58,1.92,FINANCE - HOUSING
288,http://www.moneycontrol.com/india/stockpricequote/chemicals/lindeindia/BOC,BOC,chemicals,lindeindia,165.06,10.0,0.22,2.34,10.0,32.84,3884.27,1,17.17,194.64,2.76,CHEMICALS
289,http://www.moneycontrol.com/india/stockpricequote/pharmaceuticals/lupin/L,L,pharmaceuticals,lupin,326.92,375.0,0.82,29.74,2.0,29.05,41159.46,1,23.73,30.61,2.78,PHARMACEUTICALS
290,http://www.moneycontrol.com/india/stockpricequote/autocarsjeeps/mahindramahindra/MM,MM,autocarsjeeps,mahindramahindra,206.6,260.0,1.43,35.17,5.0,31.79,112962.69,1,19.3,25.84,4.4,AUTO - CARS & JEEPS
291,http://www.moneycontrol.com/india/stockpricequote/financeleasinghirepurchase/mahindramahindrafinancialservices/MMF04,MMF04,financeleasinghirepurchase,mahindramahindrafinancialservices,119.46,120.0,0.51,14.44,2.0,36.62,29331.48,1,31.34,32.88,3.97,FINANCE - LEASING & HIRE PURCHASE
292,http://www.moneycontrol.com/india/stockpricequote/financeleasinghirepurchase/magmafincorp/MF20,MF20,financeleasinghirepurchase,magmafincorp,83.44,40.0,0.47,7.52,2.0,36.62,4589.99,1,18.25,22.67,2.04,FINANCE - LEASING & HIRE PURCHASE
293,http://www.moneycontrol.com/india/stockpricequote/refineries/mahanagargas/MG02,MG02,refineries,mahanagargas,234.66,190.0,2.29,48.38,10.0,26.07,8195.59,1,13.91,17.15,3.54,REFINERIES
294,http://www.moneycontrol.com/india/stockpricequote/castingsforgings/mahindracieautomotive/MF19,MF19,castingsforgings,mahindracieautomotive,92.45,0.0,,2.41,10.0,46.42,9694.61,1,58.07,106.27,2.77,CASTINGS & FORGINGS
295,http://www.moneycontrol.com/india/stockpricequote/hotels/mahindraholidaysresortsindia/MHR,MHR,hotels,mahindraholidaysresortsindia,50.58,50.0,1.56,10.06,10.0,69.32,4291.16,1,22.69,31.95,6.36,HOTELS
296,http://www.moneycontrol.com/india/stockpricequote/constructioncontractingcivil/mahindralifespacedevelopers/MLD,MLD,constructioncontractingcivil,mahindralifespacedevelopers,331.3,60.0,1.05,10.35,10.0,30.6,2928.08,1,51.29,55.11,1.72,CONSTRUCTION & CONTRACTING - CIVIL
297,http://www.moneycontrol.com/india/stockpricequote/financeleasinghirepurchase/manappuramfinance/MGF01,MGF01,financeleasinghirepurchase,manappuramfinance,47.61,100.0,1.93,8.31,2.0,36.62,8716.05,1,11.46,12.45,2.17,FINANCE - LEASING & HIRE PURCHASE
298,http://www.moneycontrol.com/india/stockpricequote/foodprocessing/manpasandbeverages/MB04,MB04,foodprocessing,manpasandbeverages,100.78,10.0,0.63,7.7,10.0,51.97,1809.65,1,11.17,20.53,1.57,FOOD PROCESSING
299,http://www.moneycontrol.com/india/stockpricequote/personalcare/marico/M13,M13,personalcare,marico,28.22,350.0,1.03,5.56,1.0,66.23,43657.03,1,55.63,60.83,11.98,PERSONAL CARE
300,http://www.moneycontrol.com/india/stockpricequote/pharmaceuticals/marksanspharma/MP21,MP21,pharmaceuticals,marksanspharma,10.54,5.0,0.16,0.3,1.0,29.05,1266.83,1,51.58,103.17,2.94,PHARMACEUTICALS
301,http://www.moneycontrol.com/india/stockpricequote/autocarsjeeps/marutisuzukiindia/MS24,MS24,autocarsjeeps,marutisuzukiindia,1453.02,1500.0,0.84,255.62,5.0,31.79,270437.17,1,25.81,35.02,6.16,AUTO - CARS & JEEPS
302,http://www.moneycontrol.com/india/stockpricequote/financeinvestments/maxfinancialservices/MI,MI,financeinvestments,maxfinancialservices,68.12,0.0,,4.58,2.0,36.62,12606.15,1,100.78,102.54,6.89,FINANCE - INVESTMENTS
303,http://www.moneycontrol.com/india/stockpricequote/miscellaneous/maxindia/MIL16,MIL16,miscellaneous,maxindia,61.26,0.0,,0.24,2.0,36.62,2097.41,1,289.44,325.63,1.28,MISCELLANEOUS
304,http://www.moneycontrol.com/india/stockpricequote/plantationsteacoffee/mcleodrusselindia/MRI02,MRI02,plantationsteacoffee,mcleodrusselindia,165.42,5.0,0.17,6.14,5.0,32.14,1589.3,1,10.6,23.65,0.88,PLANTATIONS - TEA & COFFEE
305,http://www.moneycontrol.com/india/stockpricequote/miscellaneous/multicommodityexchangeindia/MCE,MCE,miscellaneous,multicommodityexchangeindia,320.72,150.0,1.86,20.85,10.0,17.1,4119.65,1,33.49,38.74,2.52,MISCELLANEOUS
306,http://www.moneycontrol.com/india/stockpricequote/autoancillaries/mindaindustries/MI4,MI4,autoancillaries,mindaindustries,75.68,110.0,0.17,15.59,2.0,73.54,11312.64,1,60.05,83.24,17.15,AUTO ANCILLARIES
307,http://www.moneycontrol.com/india/stockpricequote/computerssoftware/mindtree/MT13,MT13,computerssoftware,mindtree,206.11,100.0,1.0,39.64,10.0,21.82,16455.27,1,20.42,25.31,4.87,COMPUTERS - SOFTWARE
308,http://www.moneycontrol.com/india/stockpricequote/trading/mmtc/MMT,MMT,trading,mmtc,9.56,30.0,0.8,0.33,1.0,49.47,5632.5,1,104.31,113.79,3.93,TRADING
309,http://www.moneycontrol.com/india/stockpricequote/miningminerals/moil/M18,M18,miningminerals,moil,105.32,110.0,5.96,15.84,10.0,15.1,4915.96,1,10.15,11.65,1.75,MINING & MINERALS
310,http://www.moneycontrol.com/india/stockpricequote/pesticidesagrochemicals/monsantoindia/MI39,MI39,pesticidesagrochemicals,monsantoindia,402.13,300.0,1.05,95.33,10.0,39.1,4945.78,1,27.85,30.05,7.12,PESTICIDES & AGRO CHEMICALS
311,http://www.moneycontrol.com/india/stockpricequote/autoancillaries/mothersonsumisystems/MSS01,MSS01,autoancillaries,mothersonsumisystems,11.9,200.0,0.65,4.18,1.0,73.54,64801.42,1,59.08,73.64,25.87,AUTO ANCILLARIES
312,http://www.moneycontrol.com/india/stockpricequote/financegeneral/motilaloswalfinancialservices/MOF01,MOF01,financegeneral,motilaloswalfinancialservices,55.07,250.0,0.29,8.94,1.0,36.62,12591.08,1,92.42,97.07,15.76,FINANCE - GENERAL
313,http://www.moneycontrol.com/india/stockpricequote/computerssoftware/mphasis/MB02,MB02,computerssoftware,mphasis,242.04,170.0,1.58,38.28,10.0,21.82,20781.82,1,26.93,28.09,4.44,COMPUTERS - SOFTWARE
314,http://www.moneycontrol.com/india/stockpricequote/tyres/mrf/MRF,MRF,tyres,mrf,22721.94,600.0,0.08,2575.44,10.0,27.04,31998.41,1,17.8,29.3,3.32,TYRES
315,http://www.moneycontrol.com/india/stockpricequote/refineries/mangalorerefinerypetrochemicals/MRP,MRP,refineries,mangalorerefinerypetrochemicals,70.15,0.0,,12.69,10.0,8.41,15694.52,1,5.42,7.06,1.28,REFINERIES
317,http://www.moneycontrol.com/india/stockpricequote/financeinvestments/muthootfinance/MF10,MF10,financeinvestments,muthootfinance,205.89,60.0,1.55,43.0,10.0,36.62,15459.53,1,8.76,8.99,1.88,FINANCE - INVESTMENTS
318,http://www.moneycontrol.com/india/stockpricequote/aluminium/nationalaluminiumcompany/NAC,NAC,aluminium,nationalaluminiumcompany,59.74,56.0,4.05,6.94,5.0,24.7,13375.87,1,7.34,9.97,1.16,ALUMINIUM
319,http://www.moneycontrol.com/india/stockpricequote/hospitalsmedicalservices/narayanahrudayalaya/NH,NH,hospitalsmedicalservices,narayanahrudayalaya,54.65,0.0,,2.97,10.0,48.56,4727.89,1,34.07,77.9,4.23,HOSPITALS & MEDICAL SERVICES
320,http://www.moneycontrol.com/india/stockpricequote/pharmaceuticals/natcopharma/NP07,NP07,pharmaceuticals,natcopharma,130.08,362.5,0.87,37.84,2.0,29.05,15312.95,1,20.05,21.93,6.38,PHARMACEUTICALS
321,http://www.moneycontrol.com/india/stockpricequote/diversified/navabharatventures/NBV,NBV,diversified,navabharatventures,160.54,50.0,0.69,9.05,2.0,22.07,2606.31,1,13.1,16.13,0.91,DIVERSIFIED
322,http://www.moneycontrol.com/india/stockpricequote/chemicals/navinfluorineinternational/NFI,NFI,chemicals,navinfluorineinternational,151.6,315.0,0.93,36.27,2.0,25.97,3360.57,1,15.48,18.78,4.49,CHEMICALS
323,http://www.moneycontrol.com/india/stockpricequote/transportlogistics/navkarcorporation/NC02,NC02,transportlogistics,navkarcorporation,89.09,0.0,,6.84,10.0,44.24,2144.9,1,17.03,20.83,1.6,TRANSPORT & LOGISTICS
324,http://www.moneycontrol.com/india/stockpricequote/printingstationery/navneeteducation/NP01,NP01,printingstationery,navneeteducation,37.63,125.0,2.01,6.56,2.0,15.58,2908.96,1,16.45,18.99,3.31,PRINTING & STATIONERY
325,http://www.moneycontrol.com/india/stockpricequote/infrastructuregeneral/nbccindia/NBC01,NBC01,infrastructuregeneral,nbccindia,9.3,81.5,0.96,1.85,1.0,30.6,15291.0,1,45.43,45.92,9.13,INFRASTRUCTURE - GENERAL
326,http://www.moneycontrol.com/india/stockpricequote/constructioncontractingcivil/ncc/NCC01,NCC01,constructioncontractingcivil,ncc,62.23,20.0,0.37,4.77,2.0,30.6,6432.92,1,15.91,22.45,1.72,CONSTRUCTION & CONTRACTING - CIVIL
327,http://www.moneycontrol.com/india/stockpricequote/foodprocessing/nestleindia/NI,NI,foodprocessing,nestleindia,354.77,860.0,0.88,139.24,10.0,64.74,93874.68,1,55.72,69.93,27.44,FOOD PROCESSING
329,http://www.moneycontrol.com/india/stockpricequote/powergenerationdistribution/nhpc/N07,N07,powergenerationdistribution,nhpc,28.95,18.0,6.96,2.69,10.0,11.73,26520.34,1,6.37,9.61,0.89,POWER - GENERATION & DISTRIBUTION
330,http://www.moneycontrol.com/india/stockpricequote/computerssoftwaretraining/niit/NII,NII,computerssoftwaretraining,niit,48.49,0.0,,0.31,2.0,103.45,1677.73,1,57.82,324.52,2.07,COMPUTERS - SOFTWARE - TRAINING
331,http://www.moneycontrol.com/india/stockpricequote/computerssoftware/niittechnologies/NII02,NII02,computerssoftware,niittechnologies,217.85,125.0,1.1,36.79,10.0,21.82,6962.77,1,22.55,30.78,5.2,COMPUTERS - SOFTWARE
332,http://www.moneycontrol.com/india/stockpricequote/plastics/nilkamal/NP08,NP08,plastics,nilkamal,534.21,130.0,0.77,78.47,10.0,37.42,2516.61,1,15.2,21.49,3.16,PLASTICS
333,http://www.moneycontrol.com/india/stockpricequote/powergenerationdistribution/nlcindia/NLC,NLC,powergenerationdistribution,nlcindia,91.9,73.4,8.76,12.09,10.0,11.73,12809.4,1,4.73,6.93,0.91,POWER - GENERATION & DISTRIBUTION
334,http://www.moneycontrol.com/india/stockpricequote/miningminerals/nmdc/NMD02,NMD02,miningminerals,nmdc,83.2,515.0,4.56,12.03,1.0,15.1,35751.96,1,8.8,9.39,1.36,MINING & MINERALS
335,http://www.moneycontrol.com/india/stockpricequote/powergenerationdistribution/ntpc/NTP,NTP,powergenerationdistribution,ntpc,129.25,47.8,3.06,12.54,10.0,11.73,128670.47,1,7.38,12.44,1.21,POWER - GENERATION & DISTRIBUTION
336,http://www.moneycontrol.com/india/stockpricequote/constructioncontractingrealestate/oberoirealty/OR,OR,constructioncontractingrealestate,oberoirealty,131.39,20.0,0.4,12.28,10.0,30.6,17192.36,1,37.64,41.23,3.85,CONSTRUCTION & CONTRACTING - REAL ESTATE
337,http://www.moneycontrol.com/india/stockpricequote/cementmajor/oclindia/OCL,OCL,cementmajor,oclindia,488.16,250.0,0.43,74.21,2.0,36.29,6679.52,1,11.32,15.82,2.4,CEMENT - MAJOR
338,http://www.moneycontrol.com/india/stockpricequote/oildrillingandexploration/oilindia/OI13,OI13,oildrillingandexploration,oilindia,255.93,95.0,4.29,23.51,10.0,11.73,25104.07,1,6.37,9.41,0.86,OIL DRILLING AND EXPLORATION
339,http://www.moneycontrol.com/india/stockpricequote/constructioncontractingrealestate/omaxe/O02,O02,constructioncontractingrealestate,omaxe,105.59,7.0,0.32,3.47,10.0,30.6,3985.4,1,57.34,62.8,2.06,CONSTRUCTION & CONTRACTING - REAL ESTATE
340,http://www.moneycontrol.com/india/stockpricequote/oildrillingandexploration/oilnaturalgascorporation/ONG,ONG,oildrillingandexploration,oilnaturalgascorporation,160.12,121.0,3.66,15.54,5.0,11.73,212325.88,1,6.17,10.65,1.03,OIL DRILLING AND EXPLORATION
341,http://www.moneycontrol.com/india/stockpricequote/computerssoftware/oraclefinancialservicessoftware/OFS01,OFS01,computerssoftware,oraclefinancialservicessoftware,313.2,3400.0,4.16,117.74,5.0,21.82,34888.2,1,32.81,34.68,13.04,COMPUTERS - SOFTWARE
342,http://www.moneycontrol.com/india/stockpricequote/cementmajor/orientcement/OC10,OC10,cementmajor,orientcement,50.34,100.0,0.84,2.16,1.0,36.29,2425.65,1,14.23,54.81,2.35,CEMENT - MAJOR
344,http://www.moneycontrol.com/india/stockpricequote/personalcare/proctergamblehygienehealthcare/PGH,PGH,personalcare,proctergamblehygienehealthcare,162.08,3890.0,4.0,125.71,10.0,66.23,31595.01,1,67.54,77.43,60.05,PERSONAL CARE
345,http://www.moneycontrol.com/india/stockpricequote/textilesreadymadeapparels/pageindustries/PI35,PI35,textilesreadymadeapparels,pageindustries,907.99,970.0,0.37,311.08,10.0,46.7,29627.14,1,79.01,85.39,29.25,TEXTILES - READYMADE APPARELS
346,http://www.moneycontrol.com/india/stockpricequote/foodprocessing/paragmilkfoods/PMF01,PMF01,foodprocessing,paragmilkfoods,88.52,5.0,0.14,9.33,10.0,64.74,2909.52,1,22.86,37.07,3.91,FOOD PROCESSING
347,http://www.moneycontrol.com/india/stockpricequote/diamondcuttingjewellerypreciousmetals/pcjeweller/PJ,PJ,diamondcuttingjewellerypreciousmetals,pcjeweller,70.83,10.0,0.64,14.38,10.0,24.92,6208.93,1,10.56,10.95,2.22,DIAMOND CUTTING & JEWELLERY & PRECIOUS METALS
348,http://www.moneycontrol.com/india/stockpricequote/computerssoftware/persistentsystems/PS15,PS15,computerssoftware,persistentsystems,269.57,90.0,1.11,42.76,10.0,21.82,6496.4,1,16.41,18.99,3.01,COMPUTERS - SOFTWARE
349,http://www.moneycontrol.com/india/stockpricequote/oildrillingandexploration/petronetlng/PLN,PLN,oildrillingandexploration,petronetlng,53.88,25.0,1.18,13.85,10.0,15.5,31770.0,1,12.76,15.29,3.93,OIL DRILLING AND EXPLORATION
350,http://www.moneycontrol.com/india/stockpricequote/pharmaceuticals/pfizer/P,P,pharmaceuticals,pfizer,607.45,200.0,0.77,78.71,10.0,29.05,11841.11,1,27.77,32.88,4.26,PHARMACEUTICALS
351,http://www.moneycontrol.com/india/stockpricequote/constructioncontractingrealestate/phoenixmills/PM02,PM02,constructioncontractingrealestate,phoenixmills,158.77,120.0,0.37,10.11,2.0,30.6,9847.39,1,50.46,63.59,4.05,CONSTRUCTION & CONTRACTING - REAL ESTATE
352,http://www.moneycontrol.com/india/stockpricequote/pesticidesagrochemicals/piindustries/PII,PII,pesticidesagrochemicals,piindustries,143.24,400.0,0.5,26.58,1.0,39.1,10992.59,1,24.47,29.99,5.56,PESTICIDES & AGRO CHEMICALS
353,http://www.moneycontrol.com/india/stockpricequote/chemicals/pidiliteindustries/PI11,PI11,chemicals,pidiliteindustries,85.74,475.0,0.44,18.81,1.0,42.85,55080.76,1,52.63,57.66,12.65,CHEMICALS
354,http://www.moneycontrol.com/india/stockpricequote/pharmaceuticals/piramalenterprises/PH05,PH05,pharmaceuticals,piramalenterprises,897.64,1050.0,0.84,28.71,2.0,29.05,45150.84,1,71.66,87.08,2.79,PHARMACEUTICALS
356,http://www.moneycontrol.com/india/stockpricequote/financehousing/pnbhousingfinance/PHF,PHF,financehousing,pnbhousingfinance,382.8,60.0,0.55,49.61,10.0,23.49,18363.38,1,21.48,22.11,2.86,FINANCE - HOUSING
357,http://www.moneycontrol.com/india/stockpricequote/constructioncontractingrealestate/pncinfratech/PI26,PI26,constructioncontractingrealestate,pncinfratech,71.07,25.0,0.29,9.79,2.0,30.6,4388.1,1,13.36,17.47,2.41,CONSTRUCTION & CONTRACTING - REAL ESTATE
358,http://www.moneycontrol.com/india/stockpricequote/computerssoftware/polarisconsultingservices/PSL01,PSL01,computerssoftware,polarisconsultingservices,73.78,0.0,,17.55,5.0,21.82,4820.23,1,23.56,26.65,6.34,COMPUTERS - SOFTWARE
359,http://www.moneycontrol.com/india/stockpricequote/financetermlendinginstitutions/powerfinancecorporation/PFC02,PFC02,financetermlendinginstitutions,powerfinancecorporation,160.32,50.0,6.06,22.18,10.0,5.8,21767.47,1,3.71,3.72,0.51,FINANCE - TERM LENDING INSTITUTIONS
360,http://www.moneycontrol.com/india/stockpricequote/powergenerationdistribution/powergridcorporationindia/PGC,PGC,powergenerationdistribution,powergridcorporationindia,110.95,10.0,0.5,15.75,10.0,14.41,103847.05,1,5.99,12.6,1.79,POWER - GENERATION & DISTRIBUTION
361,http://www.moneycontrol.com/india/stockpricequote/engineeringheavy/prajindustries/PI17,PI17,engineeringheavy,prajindustries,39.43,81.0,1.86,1.74,2.0,23.24,1577.3,1,29.88,49.97,2.21,ENGINEERING - HEAVY
362,http://www.moneycontrol.com/india/stockpricequote/constructioncontractingrealestate/prestigeestatesprojects/PEP02,PEP02,constructioncontractingrealestate,prestigeestatesprojects,132.66,12.0,0.44,6.19,10.0,30.6,10325.63,1,35.9,44.48,2.08,CONSTRUCTION & CONTRACTING - REAL ESTATE
363,http://www.moneycontrol.com/india/stockpricequote/cementmajor/prismjohnson/PC,PC,cementmajor,prismjohnson,20.38,0.0,,1.4,10.0,36.29,5476.52,1,24.5,77.71,5.34,CEMENT - MAJOR
364,http://www.moneycontrol.com/india/stockpricequote/trading/ptcindia/PTC02,PTC02,trading,ptcindia,114.66,30.0,3.62,10.78,10.0,11.73,2455.39,1,7.62,7.69,0.72,TRADING
365,http://www.moneycontrol.com/india/stockpricequote/financetermlendinginstitutions/ptcindiafinancialservices/PIF02,PIF02,financetermlendinginstitutions,ptcindiafinancialservices,38.05,15.0,8.04,0.38,10.0,36.62,1197.86,1,42.39,49.08,0.49,FINANCE - TERM LENDING INSTITUTIONS
366,http://www.moneycontrol.com/india/stockpricequote/mediaentertainment/pvr/PVR,PVR,mediaentertainment,pvr,229.87,20.0,0.14,25.98,10.0,35.36,6572.61,1,25.03,54.13,6.12,MEDIA & ENTERTAINMENT
367,http://www.moneycontrol.com/india/stockpricequote/breweriesdistilleries/radicokhaitan/RK01,RK01,breweriesdistilleries,radicokhaitan,86.52,40.0,0.2,9.26,2.0,69.28,5250.31,1,31.94,42.53,4.55,BREWERIES & DISTILLERIES
368,http://www.moneycontrol.com/india/stockpricequote/cementmajor/rainindustries/RC12,RC12,cementmajor,rainindustries,27.43,50.0,0.47,0.92,2.0,36.29,7194.43,1,227.55,232.5,7.8,CEMENT - MAJOR
369,http://www.moneycontrol.com/india/stockpricequote/diamondcuttingjewellerypreciousmetals/rajeshexports/RE07,RE07,diamondcuttingjewellerypreciousmetals,rajeshexports,141.66,110.0,0.18,14.94,1.0,24.92,17752.51,1,40.11,40.24,4.24,DIAMOND CUTTING & JEWELLERY & PRECIOUS METALS
370,http://www.moneycontrol.com/india/stockpricequote/pesticidesagrochemicals/rallisindia/RI03,RI03,pesticidesagrochemicals,rallisindia,60.62,250.0,1.23,7.28,1.0,39.1,3956.47,1,21.74,27.95,3.36,PESTICIDES & AGRO CHEMICALS
371,http://www.moneycontrol.com/india/stockpricequote/cementmajor/theramcocements/MC,MC,cementmajor,theramcocements,155.92,300.0,0.41,23.15,1.0,36.29,17533.9,1,20.68,31.56,4.69,CEMENT - MAJOR
372,http://www.moneycontrol.com/india/stockpricequote/fertilisers/rashtriyachemicalsfertilisers/RCF01,RCF01,fertilisers,rashtriyachemicalsfertilisers,54.45,11.0,1.41,1.43,10.0,14.8,4303.17,1,19.95,54.55,1.43,FERTILISERS
373,http://www.moneycontrol.com/india/stockpricequote/steeltubespipes/ratnamanimetalstubes/RMT,RMT,steeltubespipes,ratnamanimetalstubes,286.49,275.0,0.54,32.48,2.0,19.46,4759.48,1,22.41,31.36,3.56,STEEL - TUBES & PIPES
375,http://www.moneycontrol.com/india/stockpricequote/textileswoollenworsted/raymond/R,R,textileswoollenworsted,raymond,214.57,30.0,0.3,15.98,10.0,60.57,6047.24,1,31.21,61.65,4.59,TEXTILES - WOOLLEN & WORSTED
376,http://www.moneycontrol.com/india/stockpricequote/banksprivatesector/rblbank/RB03,RB03,banksprivatesector,rblbank,158.94,18.0,0.32,15.1,10.0,32.64,23543.05,1,37.07,37.07,3.52,BANKS - PRIVATE SECTOR
377,http://www.moneycontrol.com/india/stockpricequote/financetermlendinginstitutions/ruralelectrificationcorporation/REC02,REC02,financetermlendinginstitutions,ruralelectrificationcorporation,192.27,96.5,8.5,23.53,10.0,5.8,22425.19,1,4.82,4.83,0.59,FINANCE - TERM LENDING INSTITUTIONS
378,http://www.moneycontrol.com/india/stockpricequote/computershardware/redingtonindia/RI37,RI37,computershardware,redingtonindia,43.24,215.0,3.43,4.6,2.0,29.54,5016.16,1,25.37,27.25,2.9,COMPUTERS - HARDWARE
379,http://www.moneycontrol.com/india/stockpricequote/financeinvestments/reliancecapital/RC,RC,financeinvestments,reliancecapital,574.93,105.0,2.5,33.0,10.0,36.62,10624.97,1,12.43,12.74,0.73,FINANCE - INVESTMENTS
380,http://www.moneycontrol.com/india/stockpricequote/leatherproducts/relaxofootwears/RF07,RF07,leatherproducts,relaxofootwears,63.64,100.0,0.15,13.38,1.0,40.15,8298.38,1,38.52,51.53,10.83,LEATHER PRODUCTS
381,http://www.moneycontrol.com/india/stockpricequote/refineries/relianceindustries/RI,RI,refineries,relianceindustries,496.59,60.0,0.59,53.05,10.0,22.07,642363.07,1,14.87,19.11,2.04,REFINERIES
383,http://www.moneycontrol.com/india/stockpricequote/powergenerationdistribution/relianceinfrastructure/RI38,RI38,powergenerationdistribution,relianceinfrastructure,861.61,90.0,2.09,63.29,10.0,11.73,11334.87,1,4.44,6.81,0.5,POWER - GENERATION & DISTRIBUTION
385,http://www.moneycontrol.com/india/stockpricequote/powergenerationdistribution/reliancepower/RP,RP,powergenerationdistribution,reliancepower,59.91,0.0,,0.01,10.0,11.73,9705.74,1,576.67,3460.0,0.58,POWER - GENERATION & DISTRIBUTION
387,http://www.moneycontrol.com/india/stockpricequote/financehousing/repcohomefinance/RHF,RHF,financehousing,repcohomefinance,214.73,20.0,0.36,32.95,10.0,23.49,3502.19,1,16.74,16.99,2.61,FINANCE - HOUSING
388,http://www.moneycontrol.com/india/stockpricequote/computerssoftware/roltaindia/RI15,RI15,computerssoftware,roltaindia,236.15,0.0,,9.29,10.0,21.82,674.17,1,2.66,4.39,0.17,COMPUTERS - SOFTWARE
389,http://www.moneycontrol.com/india/stockpricequote/chemicals/shkelkarcompany/KC17,KC17,chemicals,shkelkarcompany,47.56,0.0,,4.77,10.0,25.97,3350.86,1,42.13,48.57,4.87,CHEMICALS
390,http://www.moneycontrol.com/india/stockpricequote/infrastructuregeneral/sadbhavengineering/SE19,SE19,infrastructuregeneral,sadbhavengineering,109.67,75.0,0.24,12.86,1.0,30.6,5419.06,1,17.01,24.56,2.88,INFRASTRUCTURE - GENERAL
392,http://www.moneycontrol.com/india/stockpricequote/pharmaceuticals/sanofiindia/AP26,AP26,pharmaceuticals,sanofiindia,868.77,710.0,1.38,151.32,10.0,29.05,11849.26,1,26.29,34.0,5.92,PHARMACEUTICALS
394,http://www.moneycontrol.com/india/stockpricequote/bearings/schaefflerindia/FAG,FAG,bearings,schaefflerindia,1020.21,170.0,0.31,148.38,10.0,34.51,8985.04,1,28.28,36.44,5.3,BEARINGS
396,http://www.moneycontrol.com/india/stockpricequote/pharmaceuticals/sequentscientific/PID01,PID01,pharmaceuticals,sequentscientific,68.26,0.0,,16.6,2.0,29.05,1562.35,1,3.83,3.86,0.94,PHARMACEUTICALS
397,http://www.moneycontrol.com/india/stockpricequote/pesticidesagrochemicals/shardacropchem/SC04,SC04,pesticidesagrochemicals,shardacropchem,120.06,40.0,1.01,21.43,10.0,39.1,3561.0,1,13.53,18.42,3.29,PESTICIDES & AGRO CHEMICALS
398,http://www.moneycontrol.com/india/stockpricequote/miscellaneous/sheelafoam/SF14,SF14,miscellaneous,sheelafoam,112.12,0.0,,25.81,5.0,26.73,7390.6,1,48.08,58.7,13.51,MISCELLANEOUS
399,http://www.moneycontrol.com/india/stockpricequote/pharmaceuticals/shilpamedicare/SM19,SM19,pharmaceuticals,shilpamedicare,133.62,60.0,0.15,16.56,1.0,29.05,3259.04,1,19.42,24.14,2.99,PHARMACEUTICALS
400,http://www.moneycontrol.com/india/stockpricequote/shipping/shippingcorporationindia/SCI,SCI,shipping,shippingcorporationindia,152.88,0.0,,5.45,10.0,18.22,3067.29,1,3.55,12.08,0.43,SHIPPING
401,http://www.moneycontrol.com/india/stockpricequote/retail/shoppersstop/SS51,SS51,retail,shoppersstop,88.03,15.0,0.13,1.32,5.0,151.28,4957.35,1,40.13,426.82,6.4,RETAIL
402,http://www.moneycontrol.com/india/stockpricequote/cementmajor/shreecements/SC12,SC12,cementmajor,shreecements,2607.07,1400.0,0.87,397.33,10.0,36.29,56329.88,1,24.67,40.7,6.2,CEMENT - MAJOR
404,http://www.moneycontrol.com/india/stockpricequote/financeleasinghirepurchase/shriramcityunionfinance/SCU,SCU,financeleasinghirepurchase,shriramcityunionfinance,762.27,150.0,0.65,100.77,10.0,36.62,15244.6,1,21.84,22.93,3.03,FINANCE - LEASING & HIRE PURCHASE
405,http://www.moneycontrol.com/india/stockpricequote/financeleasinghirepurchase/shriramtransportfinancecorporation/STF,STF,financeleasinghirepurchase,shriramtransportfinancecorporation,567.26,100.0,0.68,69.11,10.0,36.62,33215.63,1,20.71,21.18,2.58,FINANCE - LEASING & HIRE PURCHASE
406,http://www.moneycontrol.com/india/stockpricequote/infrastructuregeneral/siemens/S,S,infrastructuregeneral,siemens,216.35,350.0,0.7,33.61,2.0,37.67,35526.56,1,25.49,29.68,4.61,INFRASTRUCTURE - GENERAL
408,http://www.moneycontrol.com/india/stockpricequote/powergenerationdistribution/sjvn/S11,S11,powergenerationdistribution,sjvn,31.81,27.5,9.12,3.12,10.0,11.73,11848.33,1,7.46,9.66,0.95,POWER - GENERATION & DISTRIBUTION
409,http://www.moneycontrol.com/india/stockpricequote/bearings/skfindia/SKF01,SKF01,bearings,skfindia,410.17,150.0,0.84,57.65,10.0,34.51,9155.61,1,26.79,30.93,4.35,BEARINGS
410,http://www.moneycontrol.com/india/stockpricequote/autolcvshcvs/smlisuzu/SM,SM,autolcvshcvs,smlisuzu,284.01,0.0,,5.87,10.0,37.26,1143.69,1,30.99,134.63,2.78,AUTO - LCVS & HCVS
411,http://www.moneycontrol.com/india/stockpricequote/constructioncontractingrealestate/sobha/SD6,SD6,constructioncontractingrealestate,sobha,285.41,20.0,0.41,20.44,10.0,30.6,4675.9,1,19.14,24.12,1.73,CONSTRUCTION & CONTRACTING - REAL ESTATE
412,http://www.moneycontrol.com/india/stockpricequote/chemicals/solarindustriesindia/SII04,SII04,chemicals,solarindustriesindia,87.62,250.0,0.42,14.84,2.0,73.28,10776.01,1,67.2,80.25,13.59,CHEMICALS
413,http://www.moneycontrol.com/india/stockpricequote/ceramicsgranite/somanyceramics/SC49,SC49,ceramicsgranite,somanyceramics,134.72,135.0,0.49,15.36,2.0,25.51,2328.75,1,25.28,35.77,4.08,CERAMICS & GRANITE
414,http://www.moneycontrol.com/india/stockpricequote/computerssoftwaremediumsmall/sonatasoftware/SS42,SS42,computerssoftwaremediumsmall,sonatasoftware,57.76,900.0,2.79,14.39,1.0,21.82,3394.02,1,21.72,22.43,5.59,COMPUTERS - SOFTWARE MEDIUM & SMALL
415,http://www.moneycontrol.com/india/stockpricequote/banksprivatesector/southindianbank/SIB,SIB,banksprivatesector,southindianbank,25.43,40.0,1.66,1.85,1.0,32.64,4369.94,1,13.05,13.05,0.95,BANKS - PRIVATE SECTOR
416,http://www.moneycontrol.com/india/stockpricequote/transportlogistics/spicejet/SJ01,SJ01,transportlogistics,spicejet,-0.71,0.0,,9.45,10.0,19.25,6674.88,1,8.37,11.78,,TRANSPORT & LOGISTICS
417,http://www.moneycontrol.com/india/stockpricequote/financeleasinghirepurchase/sreiinfrastructurefinance/SRE02,SRE02,financeleasinghirepurchase,sreiinfrastructurefinance,59.4,5.0,0.67,2.45,10.0,36.62,3732.9,1,21.14,30.29,1.25,FINANCE - LEASING & HIRE PURCHASE
418,http://www.moneycontrol.com/india/stockpricequote/textilesmanmade/srf/SRF,SRF,textilesmanmade,srf,618.16,120.0,0.63,70.65,10.0,26.61,10918.22,1,15.97,26.91,3.08,TEXTILES - MANMADE
419,http://www.moneycontrol.com/india/stockpricequote/cablestelephone/sterlitetechnologies/ST20,ST20,cablestelephone,sterlitetechnologies,26.68,100.0,0.67,6.4,2.0,31.64,11929.96,1,27.96,46.48,11.15,CABLES - TELEPHONE
420,http://www.moneycontrol.com/india/stockpricequote/pharmaceuticals/stridesshasun/SA10,SA10,pharmaceuticals,stridesshasun,360.99,45.0,1.15,98.97,10.0,29.05,3508.97,1,3.64,3.96,1.09,PHARMACEUTICALS
421,http://www.moneycontrol.com/india/stockpricequote/dyespigments/sudarshanchemicalindustries/SCI08,SCI08,dyespigments,sudarshanchemicalindustries,69.84,175.0,0.77,12.72,2.0,22.45,3143.96,1,21.5,35.7,6.5,DYES & PIGMENTS
424,http://www.moneycontrol.com/india/stockpricequote/mediaentertainment/suntvnetwork/STN01,STN01,mediaentertainment,suntvnetwork,129.79,200.0,1.1,27.74,5.0,35.36,35804.56,1,23.36,32.75,7.0,MEDIA & ENTERTAINMENT
425,http://www.moneycontrol.com/india/stockpricequote/fasteners/sundramfasteners/SF23,SF23,fasteners,sundramfasteners,79.98,450.0,0.7,17.49,1.0,35.63,13500.75,1,28.99,36.74,8.03,FASTENERS
426,http://www.moneycontrol.com/india/stockpricequote/constructioncontractingrealestate/sunteckrealty/SR05,SR05,constructioncontractingrealestate,sunteckrealty,67.15,150.0,0.38,8.45,1.0,30.6,5735.55,1,46.06,46.39,5.84,CONSTRUCTION & CONTRACTING - REAL ESTATE
427,http://www.moneycontrol.com/india/stockpricequote/plastics/supremeindustries/SI48,SI48,plastics,supremeindustries,154.53,750.0,1.2,32.24,2.0,37.42,15854.22,1,27.49,38.71,8.08,PLASTICS
428,http://www.moneycontrol.com/india/stockpricequote/pharmaceuticals/suvenlifesciences/SLS01,SLS01,pharmaceuticals,suvenlifesciences,69.92,100.0,0.42,12.45,1.0,29.05,3035.69,1,16.89,19.16,3.41,PHARMACEUTICALS
430,http://www.moneycontrol.com/india/stockpricequote/trading/swanenergy/SM09,SM09,trading,swanenergy,21.05,7.5,0.05,2.98,1.0,21.7,4049.78,1,51.81,55.64,7.88,TRADING
431,http://www.moneycontrol.com/india/stockpricequote/consumergoodswhitegoods/symphony/SCS04,SCS04,consumergoodswhitegoods,symphony,91.61,225.0,0.32,26.15,2.0,48.93,9688.0,1,51.73,52.96,15.12,CONSUMER GOODS - WHITE GOODS
433,http://www.moneycontrol.com/india/stockpricequote/miscellaneous/syngeneinternational/SI10,SI10,miscellaneous,syngeneinternational,85.91,10.0,0.17,15.26,10.0,39.36,11687.0,1,26.77,38.29,6.8,MISCELLANEOUS
434,http://www.moneycontrol.com/india/stockpricequote/computerssoftwaremediumsmall/takesolutions/TS09,TS09,computerssoftwaremediumsmall,takesolutions,33.98,100.0,0.34,1.03,1.0,21.82,4403.72,1,275.6,288.98,8.76,COMPUTERS - SOFTWARE MEDIUM & SMALL
436,http://www.moneycontrol.com/india/stockpricequote/chemicals/tatachemicals/TC,TC,chemicals,tatachemicals,416.96,110.0,1.49,69.36,10.0,9.86,18794.64,1,9.93,10.64,1.77,CHEMICALS
437,http://www.moneycontrol.com/india/stockpricequote/plantationsteacoffee/tatacoffee/TC14,TC14,plantationsteacoffee,tatacoffee,49.27,150.0,1.23,3.36,1.0,32.14,2279.53,1,26.77,36.32,2.48,PLANTATIONS - TEA & COFFEE
438,http://www.moneycontrol.com/india/stockpricequote/telecommunicationsservice/tatacommunications/TC17,TC17,telecommunicationsservice,tatacommunications,334.1,60.0,0.98,9.36,10.0,341.93,17375.03,1,15.84,65.13,1.82,TELECOMMUNICATIONS - SERVICE
439,http://www.moneycontrol.com/india/stockpricequote/computerssoftware/tataelxsi/TE,TE,computerssoftware,tataelxsi,89.76,160.0,1.23,38.54,10.0,21.82,8119.6,1,30.59,33.83,14.53,COMPUTERS - SOFTWARE
440,http://www.moneycontrol.com/india/stockpricequote/plantationsteacoffee/tataglobalbeverage/TT,TT,plantationsteacoffee,tataglobalbeverage,66.76,250.0,0.92,8.47,1.0,32.14,17217.22,1,30.65,32.21,4.09,PLANTATIONS - TEA & COFFEE
441,http://www.moneycontrol.com/india/stockpricequote/financeinvestments/tatainvestmentcorporation/TIC,TIC,financeinvestments,tatainvestmentcorporation,486.81,180.0,1.98,43.1,10.0,36.62,5003.2,1,21.05,21.07,1.87,FINANCE - INVESTMENTS
445,http://www.moneycontrol.com/india/stockpricequote/steelspongeiron/tataspongeiron/TSI,TSI,steelspongeiron,tataspongeiron,653.06,110.0,1.0,91.47,10.0,9.66,1691.38,1,11.04,12.01,1.68,STEEL - SPONGE IRON
446,http://www.moneycontrol.com/india/stockpricequote/steellarge/tatasteel/TIS,TIS,steellarge,tatasteel,478.87,100.0,1.77,34.63,10.0,16.94,68147.14,1,8.63,16.34,1.18,STEEL - LARGE
447,http://www.moneycontrol.com/india/stockpricequote/computerssoftware/tataconsultancyservices/TCS,TCS,computerssoftware,tataconsultancyservices,198.16,5000.0,2.72,65.93,1.0,21.82,705012.98,1,26.22,27.93,9.29,COMPUTERS - SOFTWARE
448,http://www.moneycontrol.com/india/stockpricequote/computerssoftware/techmahindra/TM4,TM4,computerssoftware,techmahindra,172.35,180.0,1.27,40.8,5.0,21.82,69310.35,1,14.89,17.33,4.1,COMPUTERS - SOFTWARE
449,http://www.moneycontrol.com/india/stockpricequote/electricequipment/technoelectricengineeringcompany/TEE,TEE,electricequipment,technoelectricengineeringcompany,87.31,0.0,,11.74,2.0,23.24,3296.52,1,24.42,24.92,3.35,ELECTRIC EQUIPMENT
450,http://www.moneycontrol.com/india/stockpricequote/infrastructuregeneral/texmacorailengineering/TRE,TRE,infrastructuregeneral,texmacorailengineering,47.51,25.0,0.35,0.46,1.0,23.24,1578.52,1,54.77,155.98,1.51,INFRASTRUCTURE - GENERAL
451,http://www.moneycontrol.com/india/stockpricequote/infrastructuregeneral/thermax/T,T,infrastructuregeneral,thermax,222.23,300.0,0.53,19.99,2.0,29.78,13433.09,1,44.42,56.4,5.07,INFRASTRUCTURE - GENERAL
452,http://www.moneycontrol.com/india/stockpricequote/miscellaneous/thomascookindia/TCI,TCI,miscellaneous,thomascookindia,31.32,37.5,0.13,14.35,1.0,21.95,10360.6,1,18.84,19.49,8.93,MISCELLANEOUS
453,http://www.moneycontrol.com/india/stockpricequote/hospitalsmedicalservices/thyrocaretechnologies/TT16,TT16,hospitalsmedicalservices,thyrocaretechnologies,96.14,100.0,1.67,17.88,10.0,48.56,3209.18,1,29.67,33.41,6.21,HOSPITALS & MEDICAL SERVICES
454,http://www.moneycontrol.com/india/stockpricequote/miscellaneous/tifinancialholdings/TII,TII,miscellaneous,tifinancialholdings,51.63,125.0,0.19,3.16,1.0,36.62,12098.35,1,204.07,204.07,12.49,MISCELLANEOUS
455,http://www.moneycontrol.com/india/stockpricequote/bearings/timkenindia/TI23,TI23,bearings,timkenindia,104.39,10.0,0.13,13.54,10.0,34.51,5130.6,1,37.95,55.72,7.23,BEARINGS
456,http://www.moneycontrol.com/india/stockpricequote/infrastructuregeneral/titagarhwagons/TW04,TW04,infrastructuregeneral,titagarhwagons,77.73,40.0,0.8,0.25,2.0,23.24,1155.0,1,72.46,400.0,1.29,INFRASTRUCTURE - GENERAL
457,http://www.moneycontrol.com/india/stockpricequote/miscellaneous/titancompany/TI01,TI01,miscellaneous,titancompany,61.67,260.0,0.29,13.1,1.0,68.71,80215.92,1,63.05,68.97,14.65,MISCELLANEOUS
458,http://www.moneycontrol.com/india/stockpricequote/pharmaceuticals/torrentpharmaceuticals/TP06,TP06,pharmaceuticals,torrentpharmaceuticals,263.18,280.0,0.95,28.48,5.0,29.05,25050.22,1,28.93,51.98,5.62,PHARMACEUTICALS
459,http://www.moneycontrol.com/india/stockpricequote/powergenerationdistribution/torrentpower/TP14,TP14,powergenerationdistribution,torrentpower,162.42,22.0,0.87,19.18,10.0,11.73,12169.22,1,5.99,13.2,1.56,POWER - GENERATION & DISTRIBUTION
460,http://www.moneycontrol.com/india/stockpricequote/retail/trent/T04,T04,retail,trent,49.88,100.0,0.31,3.51,1.0,71.87,10801.96,1,68.14,92.61,6.52,RETAIL
461,http://www.moneycontrol.com/india/stockpricequote/textilesspinningcottonblended/trident/AI01,AI01,textilesspinningcottonblended,trident,58.64,15.0,2.41,5.18,10.0,14.46,3174.78,1,4.76,12.03,1.06,TEXTILES - SPINNING - COTTON BLENDED
462,http://www.moneycontrol.com/india/stockpricequote/electricequipment/triveniturbine/TT14,TT14,electricequipment,triveniturbine,14.97,120.0,1.06,2.98,1.0,32.05,3723.74,1,31.7,37.87,7.54,ELECTRIC EQUIPMENT
463,http://www.moneycontrol.com/india/stockpricequote/domesticappliances/ttkprestige/TTK02,TTK02,domesticappliances,ttkprestige,962.42,270.0,0.46,222.38,10.0,48.93,6756.63,1,23.96,26.3,6.08,DOMESTIC APPLIANCES
464,http://www.moneycontrol.com/india/stockpricequote/mediaentertainment/tvtodaynetwork/TVT,TVT,mediaentertainment,tvtodaynetwork,125.58,40.0,0.44,19.68,5.0,35.36,2724.08,1,18.32,23.2,3.64,MEDIA & ENTERTAINMENT
465,http://www.moneycontrol.com/india/stockpricequote/mediaentertainment/tv18broadcast/IBN,IBN,mediaentertainment,tv18broadcast,22.13,0.0,,0.56,2.0,35.36,9874.71,1,85.97,102.86,2.6,MEDIA & ENTERTAINMENT
466,http://www.moneycontrol.com/india/stockpricequote/auto23wheelers/tvsmotorcompany/TVS,TVS,auto23wheelers,tvsmotorcompany,64.64,250.0,0.43,13.95,1.0,22.15,27638.19,1,27.6,41.7,9.0,AUTO - 2 & 3 WHEELERS
467,http://www.moneycontrol.com/india/stockpricequote/tyres/tvssrichakra/TVS03,TVS03,tyres,tvssrichakra,904.51,507.0,1.69,153.6,10.0,27.04,2300.91,1,12.38,19.56,3.32,TYRES
469,http://www.moneycontrol.com/india/stockpricequote/packaging/uflex/U01,U01,packaging,uflex,296.73,35.0,1.17,13.98,10.0,24.28,2152.26,1,6.68,21.32,1.0,PACKAGING
470,http://www.moneycontrol.com/india/stockpricequote/financegeneral/ujjivanfinancialservices/UFS01,UFS01,financegeneral,ujjivanfinancialservices,145.06,5.0,0.13,0.03,10.0,36.62,4709.37,1,9733.75,12978.33,2.68,FINANCE - GENERAL
471,http://www.moneycontrol.com/india/stockpricequote/cementmajor/ultratechcement/UTC01,UTC01,cementmajor,ultratechcement,953.06,100.0,0.27,81.25,10.0,36.29,101515.18,1,25.41,45.5,3.88,CEMENT - MAJOR
472,http://www.moneycontrol.com/india/stockpricequote/pharmaceuticals/unichemlaboratories/UL02,UL02,pharmaceuticals,unichemlaboratories,523.65,150.0,1.24,363.48,2.0,29.05,1697.58,1,0.65,0.66,0.46,PHARMACEUTICALS
475,http://www.moneycontrol.com/india/stockpricequote/breweriesdistilleries/unitedbreweries/UB02,UB02,breweriesdistilleries,unitedbreweries,103.12,115.0,0.09,14.9,1.0,69.28,33638.95,1,51.47,85.39,12.34,BREWERIES & DISTILLERIES
476,http://www.moneycontrol.com/india/stockpricequote/chemicals/upl/UP04,UP04,chemicals,upl,161.32,350.0,1.0,10.76,2.0,39.1,35582.68,1,29.32,64.93,4.33,CHEMICALS
477,http://www.moneycontrol.com/india/stockpricequote/electricequipment/vguardindustries/VI02,VI02,electricequipment,vguardindustries,14.96,70.0,0.33,3.13,1.0,47.97,9074.17,1,59.69,68.08,14.24,ELECTRIC EQUIPMENT
478,http://www.moneycontrol.com/india/stockpricequote/infrastructuregeneral/vatechwabag/VTW,VTW,infrastructuregeneral,vatechwabag,172.2,200.0,0.96,21.43,2.0,29.78,2270.74,1,17.99,19.39,2.41,INFRASTRUCTURE - GENERAL
479,http://www.moneycontrol.com/india/stockpricequote/computerssoftwaremediumsmall/vakrangee/VS,VS,computerssoftwaremediumsmall,vakrangee,19.46,200.0,4.85,6.26,1.0,21.82,4362.27,1,5.39,6.58,2.12,COMPUTERS - SOFTWARE MEDIUM & SMALL
480,http://www.moneycontrol.com/india/stockpricequote/textilesspinningcottonblended/vardhmantextiles/VT10,VT10,textilesspinningcottonblended,vardhmantextiles,694.17,150.0,1.23,95.01,10.0,14.46,6991.05,1,9.03,12.81,1.75,TEXTILES - SPINNING - COTTON BLENDED
481,http://www.moneycontrol.com/india/stockpricequote/foodprocessing/varunbeverages/VB05,VB05,foodprocessing,varunbeverages,125.77,25.0,0.32,13.27,10.0,51.97,14163.59,1,27.45,58.45,6.17,FOOD PROCESSING
482,http://www.moneycontrol.com/india/stockpricequote/miningminerals/vedanta/SG,SG,miningminerals,vedanta,234.11,1945.0,8.15,19.52,1.0,15.1,88748.07,1,8.79,12.23,1.02,MINING & MINERALS
484,http://www.moneycontrol.com/india/stockpricequote/bankspublicsector/vijayabank/VB03,VB03,bankspublicsector,vijayabank,75.43,12.0,2.13,5.57,10.0,12.43,7348.87,1,8.86,10.12,0.75,BANKS - PUBLIC SECTOR
485,http://www.moneycontrol.com/india/stockpricequote/chemicals/vinatiorganics/VO01,VO01,chemicals,vinatiorganics,160.32,25.0,0.05,28.0,2.0,32.43,5096.45,1,30.48,35.42,6.19,CHEMICALS
486,http://www.moneycontrol.com/india/stockpricequote/plastics/vipindustries/VIP,VIP,plastics,vipindustries,36.63,120.0,0.54,8.39,2.0,37.42,6303.46,1,48.7,53.16,12.18,PLASTICS
487,http://www.moneycontrol.com/india/stockpricequote/diversified/voltas/V,V,diversified,voltas,105.36,350.0,0.67,15.15,1.0,22.07,17220.9,1,33.09,34.35,4.94,DIVERSIFIED
488,http://www.moneycontrol.com/india/stockpricequote/cigarettes/vstindustries/VST,VST,cigarettes,vstindustries,463.87,750.0,2.49,117.79,10.0,28.93,4655.12,1,21.06,25.59,6.5,CIGARETTES
489,http://www.moneycontrol.com/india/stockpricequote/autoancillaries/wabcoindia/WAB,WAB,autoancillaries,wabcoindia,811.52,140.0,0.1,143.84,5.0,64.25,13920.31,1,41.61,51.02,9.04,AUTO ANCILLARIES
490,http://www.moneycontrol.com/india/stockpricequote/steeltubespipes/welspuncorp/WGS,WGS,steeltubespipes,welspuncorp,72.97,10.0,0.37,4.74,5.0,19.46,3565.97,1,9.81,28.36,1.84,STEEL - TUBES & PIPES
491,http://www.moneycontrol.com/india/stockpricequote/textilesweaving/welspunindia/WI03,WI03,textilesweaving,welspunindia,24.93,65.0,1.11,3.03,1.0,19.56,5882.67,1,7.62,19.32,2.35,TEXTILES - WEAVING
492,http://www.moneycontrol.com/india/stockpricequote/hotels/westlifedevelopment/DIC,DIC,hotels,westlifedevelopment,30.79,0.0,,0.11,2.0,69.32,5753.63,1,3361.82,3361.82,12.01,HOTELS
493,http://www.moneycontrol.com/india/stockpricequote/consumergoodswhitegoods/whirlpoolindia/WI,WI,consumergoodswhitegoods,whirlpoolindia,144.53,30.0,0.19,27.64,10.0,48.93,19660.06,1,43.48,56.06,10.72,CONSUMER GOODS - WHITE GOODS
494,http://www.moneycontrol.com/india/stockpricequote/computerssoftware/wipro/W,W,computerssoftware,wipro,95.95,200.0,1.5,15.87,2.0,21.82,129893.95,1,14.87,16.81,2.78,COMPUTERS - SOFTWARE
495,http://www.moneycontrol.com/india/stockpricequote/pharmaceuticals/wockhardt/W05,W05,pharmaceuticals,wockhardt,116.43,200.0,1.36,6.21,5.0,29.05,8105.89,1,46.34,117.99,6.29,PHARMACEUTICALS
496,http://www.moneycontrol.com/india/stockpricequote/miscellaneous/wonderlaholidays/WH01,WH01,miscellaneous,wonderlaholidays,84.0,10.0,0.3,6.81,10.0,21.95,1899.27,1,25.31,49.36,4.0,MISCELLANEOUS
497,http://www.moneycontrol.com/india/stockpricequote/banksprivatesector/yesbank/YB,YB,banksprivatesector,yesbank,111.74,135.0,0.82,18.33,2.0,32.64,76197.23,1,17.1,18.03,2.96,BANKS - PRIVATE SECTOR
498,http://www.moneycontrol.com/india/stockpricequote/mediaentertainment/zeeentertainmententerprises/ZEE,ZEE,mediaentertainment,zeeentertainmententerprises,46.04,250.0,0.45,19.89,1.0,35.36,53281.69,1,26.0,27.89,12.05,MEDIA & ENTERTAINMENT
499,http://www.moneycontrol.com/india/stockpricequote/computerssoftware/zensartechnologies/ZT02,ZT02,computerssoftware,zensartechnologies,293.53,120.0,0.98,42.8,10.0,21.82,5534.83,1,23.19,28.74,4.19,COMPUTERS - SOFTWARE
